--
-- PostgreSQL database dump
--

-- Dumped from database version 17.5 (Ubuntu 17.5-0ubuntu0.25.04.1)
-- Dumped by pg_dump version 17.5 (Ubuntu 17.5-0ubuntu0.25.04.1)

SET statement_timeout = 0;
SET lock_timeout = 0;
SET idle_in_transaction_session_timeout = 0;
SET transaction_timeout = 0;
SET client_encoding = 'UTF8';
SET standard_conforming_strings = on;
SELECT pg_catalog.set_config('search_path', '', false);
SET check_function_bodies = false;
SET xmloption = content;
SET client_min_messages = warning;
SET row_security = off;

SET default_tablespace = '';

SET default_table_access_method = heap;

--
-- Name: accounts_loginhistory; Type: TABLE; Schema: public; Owner: marketplace_user
--

CREATE TABLE public.accounts_loginhistory (
    id bigint NOT NULL,
    login_time timestamp with time zone NOT NULL,
    ip_hash character varying(64) NOT NULL,
    user_agent character varying(200) NOT NULL,
    success boolean NOT NULL,
    user_id uuid NOT NULL
);


ALTER TABLE public.accounts_loginhistory OWNER TO marketplace_user;

--
-- Name: accounts_loginhistory_id_seq; Type: SEQUENCE; Schema: public; Owner: marketplace_user
--

ALTER TABLE public.accounts_loginhistory ALTER COLUMN id ADD GENERATED BY DEFAULT AS IDENTITY (
    SEQUENCE NAME public.accounts_loginhistory_id_seq
    START WITH 1
    INCREMENT BY 1
    NO MINVALUE
    NO MAXVALUE
    CACHE 1
);


--
-- Name: accounts_user; Type: TABLE; Schema: public; Owner: marketplace_user
--

CREATE TABLE public.accounts_user (
    password character varying(128) NOT NULL,
    last_login timestamp with time zone,
    is_superuser boolean NOT NULL,
    username character varying(150) NOT NULL,
    first_name character varying(150) NOT NULL,
    last_name character varying(150) NOT NULL,
    email character varying(254) NOT NULL,
    is_staff boolean NOT NULL,
    is_active boolean NOT NULL,
    date_joined timestamp with time zone NOT NULL,
    created_at timestamp with time zone NOT NULL,
    updated_at timestamp with time zone NOT NULL,
    id uuid NOT NULL,
    pgp_public_key text,
    panic_password character varying(255),
    last_activity timestamp with time zone NOT NULL,
    failed_login_attempts integer NOT NULL,
    is_vendor boolean NOT NULL,
    account_created timestamp with time zone NOT NULL,
    default_currency character varying(10) NOT NULL,
    default_shipping_country character varying(100) NOT NULL,
    feedback_score double precision NOT NULL,
    pgp_challenge text,
    pgp_challenge_expires timestamp with time zone,
    pgp_fingerprint character varying(40) NOT NULL,
    pgp_login_enabled boolean NOT NULL,
    positive_feedback_count integer NOT NULL,
    session_fingerprints jsonb NOT NULL,
    total_trades integer NOT NULL,
    totp_backup_codes jsonb NOT NULL,
    totp_enabled boolean NOT NULL,
    totp_secret character varying(32)
);


ALTER TABLE public.accounts_user OWNER TO marketplace_user;

--
-- Name: accounts_user_groups; Type: TABLE; Schema: public; Owner: marketplace_user
--

CREATE TABLE public.accounts_user_groups (
    id bigint NOT NULL,
    user_id uuid NOT NULL,
    group_id integer NOT NULL
);


ALTER TABLE public.accounts_user_groups OWNER TO marketplace_user;

--
-- Name: accounts_user_groups_id_seq; Type: SEQUENCE; Schema: public; Owner: marketplace_user
--

ALTER TABLE public.accounts_user_groups ALTER COLUMN id ADD GENERATED BY DEFAULT AS IDENTITY (
    SEQUENCE NAME public.accounts_user_groups_id_seq
    START WITH 1
    INCREMENT BY 1
    NO MINVALUE
    NO MAXVALUE
    CACHE 1
);


--
-- Name: accounts_user_user_permissions; Type: TABLE; Schema: public; Owner: marketplace_user
--

CREATE TABLE public.accounts_user_user_permissions (
    id bigint NOT NULL,
    user_id uuid NOT NULL,
    permission_id integer NOT NULL
);


ALTER TABLE public.accounts_user_user_permissions OWNER TO marketplace_user;

--
-- Name: accounts_user_user_permissions_id_seq; Type: SEQUENCE; Schema: public; Owner: marketplace_user
--

ALTER TABLE public.accounts_user_user_permissions ALTER COLUMN id ADD GENERATED BY DEFAULT AS IDENTITY (
    SEQUENCE NAME public.accounts_user_user_permissions_id_seq
    START WITH 1
    INCREMENT BY 1
    NO MINVALUE
    NO MAXVALUE
    CACHE 1
);


--
-- Name: accounts_usersession; Type: TABLE; Schema: public; Owner: marketplace_user
--

CREATE TABLE public.accounts_usersession (
    id bigint NOT NULL,
    created_at timestamp with time zone NOT NULL,
    updated_at timestamp with time zone NOT NULL,
    is_active boolean NOT NULL,
    session_key character varying(40) NOT NULL,
    fingerprint character varying(255) NOT NULL,
    ip_address inet NOT NULL,
    user_agent text NOT NULL,
    last_activity timestamp with time zone NOT NULL,
    user_id uuid NOT NULL
);


ALTER TABLE public.accounts_usersession OWNER TO marketplace_user;

--
-- Name: accounts_usersession_id_seq; Type: SEQUENCE; Schema: public; Owner: marketplace_user
--

ALTER TABLE public.accounts_usersession ALTER COLUMN id ADD GENERATED BY DEFAULT AS IDENTITY (
    SEQUENCE NAME public.accounts_usersession_id_seq
    START WITH 1
    INCREMENT BY 1
    NO MINVALUE
    NO MAXVALUE
    CACHE 1
);


--
-- Name: adminpanel_adminaction; Type: TABLE; Schema: public; Owner: marketplace_user
--

CREATE TABLE public.adminpanel_adminaction (
    id bigint NOT NULL,
    action character varying(50) NOT NULL,
    description text NOT NULL,
    details jsonb NOT NULL,
    session_id character varying(64) NOT NULL,
    user_agent_hash character varying(32) NOT NULL,
    success boolean NOT NULL,
    error_message text NOT NULL,
    "timestamp" timestamp with time zone NOT NULL,
    admin_user_id uuid NOT NULL,
    target_user_id uuid
);


ALTER TABLE public.adminpanel_adminaction OWNER TO marketplace_user;

--
-- Name: adminpanel_adminaction_id_seq; Type: SEQUENCE; Schema: public; Owner: marketplace_user
--

ALTER TABLE public.adminpanel_adminaction ALTER COLUMN id ADD GENERATED BY DEFAULT AS IDENTITY (
    SEQUENCE NAME public.adminpanel_adminaction_id_seq
    START WITH 1
    INCREMENT BY 1
    NO MINVALUE
    NO MAXVALUE
    CACHE 1
);


--
-- Name: adminpanel_adminlog; Type: TABLE; Schema: public; Owner: marketplace_user
--

CREATE TABLE public.adminpanel_adminlog (
    created_at timestamp with time zone NOT NULL,
    updated_at timestamp with time zone NOT NULL,
    is_active boolean NOT NULL,
    id uuid NOT NULL,
    action_type character varying(20) NOT NULL,
    target_model character varying(100) NOT NULL,
    target_id character varying(255) NOT NULL,
    description text NOT NULL,
    ip_address inet NOT NULL,
    admin_user_id uuid NOT NULL
);


ALTER TABLE public.adminpanel_adminlog OWNER TO marketplace_user;

--
-- Name: adminpanel_adminprofile; Type: TABLE; Schema: public; Owner: marketplace_user
--

CREATE TABLE public.adminpanel_adminprofile (
    id bigint NOT NULL,
    secondary_password_hash character varying(128),
    pgp_public_key text,
    pgp_fingerprint character varying(40),
    pgp_required boolean NOT NULL,
    require_triple_auth boolean NOT NULL,
    session_timeout integer NOT NULL,
    created_at timestamp with time zone NOT NULL,
    updated_at timestamp with time zone NOT NULL,
    last_login timestamp with time zone,
    user_id uuid NOT NULL
);


ALTER TABLE public.adminpanel_adminprofile OWNER TO marketplace_user;

--
-- Name: adminpanel_adminprofile_id_seq; Type: SEQUENCE; Schema: public; Owner: marketplace_user
--

ALTER TABLE public.adminpanel_adminprofile ALTER COLUMN id ADD GENERATED BY DEFAULT AS IDENTITY (
    SEQUENCE NAME public.adminpanel_adminprofile_id_seq
    START WITH 1
    INCREMENT BY 1
    NO MINVALUE
    NO MAXVALUE
    CACHE 1
);


--
-- Name: adminpanel_securityalert; Type: TABLE; Schema: public; Owner: marketplace_user
--

CREATE TABLE public.adminpanel_securityalert (
    id bigint NOT NULL,
    alert_type character varying(50) NOT NULL,
    severity character varying(10) NOT NULL,
    title character varying(200) NOT NULL,
    description text NOT NULL,
    details jsonb NOT NULL,
    is_resolved boolean NOT NULL,
    resolved_at timestamp with time zone,
    resolution_notes text NOT NULL,
    created_at timestamp with time zone NOT NULL,
    updated_at timestamp with time zone NOT NULL,
    resolved_by_id uuid,
    user_id uuid
);


ALTER TABLE public.adminpanel_securityalert OWNER TO marketplace_user;

--
-- Name: adminpanel_securityalert_id_seq; Type: SEQUENCE; Schema: public; Owner: marketplace_user
--

ALTER TABLE public.adminpanel_securityalert ALTER COLUMN id ADD GENERATED BY DEFAULT AS IDENTITY (
    SEQUENCE NAME public.adminpanel_securityalert_id_seq
    START WITH 1
    INCREMENT BY 1
    NO MINVALUE
    NO MAXVALUE
    CACHE 1
);


--
-- Name: adminpanel_systemsettings; Type: TABLE; Schema: public; Owner: marketplace_user
--

CREATE TABLE public.adminpanel_systemsettings (
    id bigint NOT NULL,
    created_at timestamp with time zone NOT NULL,
    updated_at timestamp with time zone NOT NULL,
    is_active boolean NOT NULL,
    key character varying(100) NOT NULL,
    value text NOT NULL,
    description text NOT NULL
);


ALTER TABLE public.adminpanel_systemsettings OWNER TO marketplace_user;

--
-- Name: adminpanel_systemsettings_id_seq; Type: SEQUENCE; Schema: public; Owner: marketplace_user
--

ALTER TABLE public.adminpanel_systemsettings ALTER COLUMN id ADD GENERATED BY DEFAULT AS IDENTITY (
    SEQUENCE NAME public.adminpanel_systemsettings_id_seq
    START WITH 1
    INCREMENT BY 1
    NO MINVALUE
    NO MAXVALUE
    CACHE 1
);


--
-- Name: auth_group; Type: TABLE; Schema: public; Owner: marketplace_user
--

CREATE TABLE public.auth_group (
    id integer NOT NULL,
    name character varying(150) NOT NULL
);


ALTER TABLE public.auth_group OWNER TO marketplace_user;

--
-- Name: auth_group_id_seq; Type: SEQUENCE; Schema: public; Owner: marketplace_user
--

ALTER TABLE public.auth_group ALTER COLUMN id ADD GENERATED BY DEFAULT AS IDENTITY (
    SEQUENCE NAME public.auth_group_id_seq
    START WITH 1
    INCREMENT BY 1
    NO MINVALUE
    NO MAXVALUE
    CACHE 1
);


--
-- Name: auth_group_permissions; Type: TABLE; Schema: public; Owner: marketplace_user
--

CREATE TABLE public.auth_group_permissions (
    id bigint NOT NULL,
    group_id integer NOT NULL,
    permission_id integer NOT NULL
);


ALTER TABLE public.auth_group_permissions OWNER TO marketplace_user;

--
-- Name: auth_group_permissions_id_seq; Type: SEQUENCE; Schema: public; Owner: marketplace_user
--

ALTER TABLE public.auth_group_permissions ALTER COLUMN id ADD GENERATED BY DEFAULT AS IDENTITY (
    SEQUENCE NAME public.auth_group_permissions_id_seq
    START WITH 1
    INCREMENT BY 1
    NO MINVALUE
    NO MAXVALUE
    CACHE 1
);


--
-- Name: auth_permission; Type: TABLE; Schema: public; Owner: marketplace_user
--

CREATE TABLE public.auth_permission (
    id integer NOT NULL,
    name character varying(255) NOT NULL,
    content_type_id integer NOT NULL,
    codename character varying(100) NOT NULL
);


ALTER TABLE public.auth_permission OWNER TO marketplace_user;

--
-- Name: auth_permission_id_seq; Type: SEQUENCE; Schema: public; Owner: marketplace_user
--

ALTER TABLE public.auth_permission ALTER COLUMN id ADD GENERATED BY DEFAULT AS IDENTITY (
    SEQUENCE NAME public.auth_permission_id_seq
    START WITH 1
    INCREMENT BY 1
    NO MINVALUE
    NO MAXVALUE
    CACHE 1
);


--
-- Name: core_broadcastmessage; Type: TABLE; Schema: public; Owner: marketplace_user
--

CREATE TABLE public.core_broadcastmessage (
    id bigint NOT NULL,
    title character varying(255) NOT NULL,
    content text NOT NULL,
    active boolean NOT NULL,
    priority character varying(20) NOT NULL,
    target_audience character varying(20) NOT NULL,
    created_at timestamp with time zone NOT NULL,
    updated_at timestamp with time zone NOT NULL,
    expires_at timestamp with time zone,
    created_by_id uuid NOT NULL
);


ALTER TABLE public.core_broadcastmessage OWNER TO marketplace_user;

--
-- Name: core_broadcastmessage_id_seq; Type: SEQUENCE; Schema: public; Owner: marketplace_user
--

ALTER TABLE public.core_broadcastmessage ALTER COLUMN id ADD GENERATED BY DEFAULT AS IDENTITY (
    SEQUENCE NAME public.core_broadcastmessage_id_seq
    START WITH 1
    INCREMENT BY 1
    NO MINVALUE
    NO MAXVALUE
    CACHE 1
);


--
-- Name: core_disputearbitration; Type: TABLE; Schema: public; Owner: marketplace_user
--

CREATE TABLE public.core_disputearbitration (
    id bigint NOT NULL,
    decision character varying(20) NOT NULL,
    evidence_score double precision NOT NULL,
    order_pattern_score double precision NOT NULL,
    confidence_score double precision NOT NULL,
    reasoning text NOT NULL,
    automated boolean NOT NULL,
    created_at timestamp with time zone NOT NULL,
    arbitrator_id uuid,
    dispute_id uuid NOT NULL
);


ALTER TABLE public.core_disputearbitration OWNER TO marketplace_user;

--
-- Name: core_disputearbitration_id_seq; Type: SEQUENCE; Schema: public; Owner: marketplace_user
--

ALTER TABLE public.core_disputearbitration ALTER COLUMN id ADD GENERATED BY DEFAULT AS IDENTITY (
    SEQUENCE NAME public.core_disputearbitration_id_seq
    START WITH 1
    INCREMENT BY 1
    NO MINVALUE
    NO MAXVALUE
    CACHE 1
);


--
-- Name: core_loyaltypoints; Type: TABLE; Schema: public; Owner: marketplace_user
--

CREATE TABLE public.core_loyaltypoints (
    id bigint NOT NULL,
    points integer NOT NULL,
    level character varying(20) NOT NULL,
    total_earned integer NOT NULL,
    total_spent integer NOT NULL,
    last_activity timestamp with time zone NOT NULL,
    created_at timestamp with time zone NOT NULL,
    user_id uuid NOT NULL
);


ALTER TABLE public.core_loyaltypoints OWNER TO marketplace_user;

--
-- Name: core_loyaltypoints_id_seq; Type: SEQUENCE; Schema: public; Owner: marketplace_user
--

ALTER TABLE public.core_loyaltypoints ALTER COLUMN id ADD GENERATED BY DEFAULT AS IDENTITY (
    SEQUENCE NAME public.core_loyaltypoints_id_seq
    START WITH 1
    INCREMENT BY 1
    NO MINVALUE
    NO MAXVALUE
    CACHE 1
);


--
-- Name: core_loyaltytransaction; Type: TABLE; Schema: public; Owner: marketplace_user
--

CREATE TABLE public.core_loyaltytransaction (
    id bigint NOT NULL,
    points integer NOT NULL,
    transaction_type character varying(20) NOT NULL,
    reason character varying(255) NOT NULL,
    created_at timestamp with time zone NOT NULL,
    order_id uuid,
    user_id uuid NOT NULL
);


ALTER TABLE public.core_loyaltytransaction OWNER TO marketplace_user;

--
-- Name: core_loyaltytransaction_id_seq; Type: SEQUENCE; Schema: public; Owner: marketplace_user
--

ALTER TABLE public.core_loyaltytransaction ALTER COLUMN id ADD GENERATED BY DEFAULT AS IDENTITY (
    SEQUENCE NAME public.core_loyaltytransaction_id_seq
    START WITH 1
    INCREMENT BY 1
    NO MINVALUE
    NO MAXVALUE
    CACHE 1
);


--
-- Name: core_priceprediction; Type: TABLE; Schema: public; Owner: marketplace_user
--

CREATE TABLE public.core_priceprediction (
    id bigint NOT NULL,
    predicted_price numeric(10,2) NOT NULL,
    confidence_score double precision NOT NULL,
    prediction_type character varying(30) NOT NULL,
    market_conditions jsonb NOT NULL,
    factors jsonb NOT NULL,
    predicted_at timestamp with time zone NOT NULL,
    valid_until timestamp with time zone NOT NULL,
    product_id uuid NOT NULL
);


ALTER TABLE public.core_priceprediction OWNER TO marketplace_user;

--
-- Name: core_priceprediction_id_seq; Type: SEQUENCE; Schema: public; Owner: marketplace_user
--

ALTER TABLE public.core_priceprediction ALTER COLUMN id ADD GENERATED BY DEFAULT AS IDENTITY (
    SEQUENCE NAME public.core_priceprediction_id_seq
    START WITH 1
    INCREMENT BY 1
    NO MINVALUE
    NO MAXVALUE
    CACHE 1
);


--
-- Name: core_productrecommendation; Type: TABLE; Schema: public; Owner: marketplace_user
--

CREATE TABLE public.core_productrecommendation (
    id bigint NOT NULL,
    recommendation_type character varying(30) NOT NULL,
    confidence_score double precision NOT NULL,
    explanation text NOT NULL,
    created_at timestamp with time zone NOT NULL,
    expires_at timestamp with time zone NOT NULL,
    product_id uuid NOT NULL,
    user_id uuid NOT NULL
);


ALTER TABLE public.core_productrecommendation OWNER TO marketplace_user;

--
-- Name: core_productrecommendation_id_seq; Type: SEQUENCE; Schema: public; Owner: marketplace_user
--

ALTER TABLE public.core_productrecommendation ALTER COLUMN id ADD GENERATED BY DEFAULT AS IDENTITY (
    SEQUENCE NAME public.core_productrecommendation_id_seq
    START WITH 1
    INCREMENT BY 1
    NO MINVALUE
    NO MAXVALUE
    CACHE 1
);


--
-- Name: core_searchquery; Type: TABLE; Schema: public; Owner: marketplace_user
--

CREATE TABLE public.core_searchquery (
    id bigint NOT NULL,
    query character varying(500) NOT NULL,
    filters jsonb NOT NULL,
    results_count integer NOT NULL,
    clicked_results jsonb NOT NULL,
    session_id character varying(100) NOT NULL,
    ip_address inet,
    user_agent text NOT NULL,
    created_at timestamp with time zone NOT NULL,
    user_id uuid
);


ALTER TABLE public.core_searchquery OWNER TO marketplace_user;

--
-- Name: core_searchquery_id_seq; Type: SEQUENCE; Schema: public; Owner: marketplace_user
--

ALTER TABLE public.core_searchquery ALTER COLUMN id ADD GENERATED BY DEFAULT AS IDENTITY (
    SEQUENCE NAME public.core_searchquery_id_seq
    START WITH 1
    INCREMENT BY 1
    NO MINVALUE
    NO MAXVALUE
    CACHE 1
);


--
-- Name: core_securitylog; Type: TABLE; Schema: public; Owner: marketplace_user
--

CREATE TABLE public.core_securitylog (
    id bigint NOT NULL,
    ip_address inet NOT NULL,
    user_agent text NOT NULL,
    action character varying(255) NOT NULL,
    details jsonb NOT NULL,
    "timestamp" timestamp with time zone NOT NULL,
    severity character varying(20) NOT NULL,
    user_id uuid
);


ALTER TABLE public.core_securitylog OWNER TO marketplace_user;

--
-- Name: core_securitylog_id_seq; Type: SEQUENCE; Schema: public; Owner: marketplace_user
--

ALTER TABLE public.core_securitylog ALTER COLUMN id ADD GENERATED BY DEFAULT AS IDENTITY (
    SEQUENCE NAME public.core_securitylog_id_seq
    START WITH 1
    INCREMENT BY 1
    NO MINVALUE
    NO MAXVALUE
    CACHE 1
);


--
-- Name: core_systemsettings; Type: TABLE; Schema: public; Owner: marketplace_user
--

CREATE TABLE public.core_systemsettings (
    id bigint NOT NULL,
    key character varying(255) NOT NULL,
    value text NOT NULL,
    description text NOT NULL,
    created_at timestamp with time zone NOT NULL,
    updated_at timestamp with time zone NOT NULL
);


ALTER TABLE public.core_systemsettings OWNER TO marketplace_user;

--
-- Name: core_systemsettings_id_seq; Type: SEQUENCE; Schema: public; Owner: marketplace_user
--

ALTER TABLE public.core_systemsettings ALTER COLUMN id ADD GENERATED BY DEFAULT AS IDENTITY (
    SEQUENCE NAME public.core_systemsettings_id_seq
    START WITH 1
    INCREMENT BY 1
    NO MINVALUE
    NO MAXVALUE
    CACHE 1
);


--
-- Name: core_userpreferenceprofile; Type: TABLE; Schema: public; Owner: marketplace_user
--

CREATE TABLE public.core_userpreferenceprofile (
    id bigint NOT NULL,
    purchase_patterns jsonb NOT NULL,
    price_sensitivity character varying(20) NOT NULL,
    category_affinity jsonb NOT NULL,
    vendor_preferences jsonb NOT NULL,
    temporal_patterns jsonb NOT NULL,
    risk_profile character varying(20) NOT NULL,
    loyalty_indicators jsonb NOT NULL,
    churn_risk double precision NOT NULL,
    last_updated timestamp with time zone NOT NULL,
    created_at timestamp with time zone NOT NULL,
    user_id uuid NOT NULL
);


ALTER TABLE public.core_userpreferenceprofile OWNER TO marketplace_user;

--
-- Name: core_userpreferenceprofile_id_seq; Type: SEQUENCE; Schema: public; Owner: marketplace_user
--

ALTER TABLE public.core_userpreferenceprofile ALTER COLUMN id ADD GENERATED BY DEFAULT AS IDENTITY (
    SEQUENCE NAME public.core_userpreferenceprofile_id_seq
    START WITH 1
    INCREMENT BY 1
    NO MINVALUE
    NO MAXVALUE
    CACHE 1
);


--
-- Name: core_vendoranalytics; Type: TABLE; Schema: public; Owner: marketplace_user
--

CREATE TABLE public.core_vendoranalytics (
    id bigint NOT NULL,
    data_type character varying(50) NOT NULL,
    data jsonb NOT NULL,
    period_start timestamp with time zone NOT NULL,
    period_end timestamp with time zone NOT NULL,
    created_at timestamp with time zone NOT NULL,
    expires_at timestamp with time zone NOT NULL,
    vendor_id uuid NOT NULL
);


ALTER TABLE public.core_vendoranalytics OWNER TO marketplace_user;

--
-- Name: core_vendoranalytics_id_seq; Type: SEQUENCE; Schema: public; Owner: marketplace_user
--

ALTER TABLE public.core_vendoranalytics ALTER COLUMN id ADD GENERATED BY DEFAULT AS IDENTITY (
    SEQUENCE NAME public.core_vendoranalytics_id_seq
    START WITH 1
    INCREMENT BY 1
    NO MINVALUE
    NO MAXVALUE
    CACHE 1
);


--
-- Name: disputes_dispute; Type: TABLE; Schema: public; Owner: marketplace_user
--

CREATE TABLE public.disputes_dispute (
    created_at timestamp with time zone NOT NULL,
    updated_at timestamp with time zone NOT NULL,
    is_active boolean NOT NULL,
    id uuid NOT NULL,
    reason text NOT NULL,
    status character varying(20) NOT NULL,
    resolution text NOT NULL,
    complainant_id uuid NOT NULL,
    moderator_id uuid,
    order_id uuid NOT NULL,
    respondent_id uuid NOT NULL,
    admin_notes text NOT NULL,
    buyer_statement text NOT NULL,
    chat_history jsonb NOT NULL,
    partial_refund_percentage integer,
    resolution_type character varying(20),
    resolved_at timestamp with time zone,
    vendor_statement text NOT NULL
);


ALTER TABLE public.disputes_dispute OWNER TO marketplace_user;

--
-- Name: disputes_disputeevidence; Type: TABLE; Schema: public; Owner: marketplace_user
--

CREATE TABLE public.disputes_disputeevidence (
    id bigint NOT NULL,
    created_at timestamp with time zone NOT NULL,
    updated_at timestamp with time zone NOT NULL,
    is_active boolean NOT NULL,
    description text NOT NULL,
    steganographic_data text,
    file_attachment character varying(100),
    dispute_id uuid NOT NULL,
    submitted_by_id uuid NOT NULL,
    evidence_type character varying(20) NOT NULL
);


ALTER TABLE public.disputes_disputeevidence OWNER TO marketplace_user;

--
-- Name: disputes_disputeevidence_id_seq; Type: SEQUENCE; Schema: public; Owner: marketplace_user
--

ALTER TABLE public.disputes_disputeevidence ALTER COLUMN id ADD GENERATED BY DEFAULT AS IDENTITY (
    SEQUENCE NAME public.disputes_disputeevidence_id_seq
    START WITH 1
    INCREMENT BY 1
    NO MINVALUE
    NO MAXVALUE
    CACHE 1
);


--
-- Name: django_admin_log; Type: TABLE; Schema: public; Owner: marketplace_user
--

CREATE TABLE public.django_admin_log (
    id integer NOT NULL,
    action_time timestamp with time zone NOT NULL,
    object_id text,
    object_repr character varying(200) NOT NULL,
    action_flag smallint NOT NULL,
    change_message text NOT NULL,
    content_type_id integer,
    user_id uuid NOT NULL,
    CONSTRAINT django_admin_log_action_flag_check CHECK ((action_flag >= 0))
);


ALTER TABLE public.django_admin_log OWNER TO marketplace_user;

--
-- Name: django_admin_log_id_seq; Type: SEQUENCE; Schema: public; Owner: marketplace_user
--

ALTER TABLE public.django_admin_log ALTER COLUMN id ADD GENERATED BY DEFAULT AS IDENTITY (
    SEQUENCE NAME public.django_admin_log_id_seq
    START WITH 1
    INCREMENT BY 1
    NO MINVALUE
    NO MAXVALUE
    CACHE 1
);


--
-- Name: django_content_type; Type: TABLE; Schema: public; Owner: marketplace_user
--

CREATE TABLE public.django_content_type (
    id integer NOT NULL,
    app_label character varying(100) NOT NULL,
    model character varying(100) NOT NULL
);


ALTER TABLE public.django_content_type OWNER TO marketplace_user;

--
-- Name: django_content_type_id_seq; Type: SEQUENCE; Schema: public; Owner: marketplace_user
--

ALTER TABLE public.django_content_type ALTER COLUMN id ADD GENERATED BY DEFAULT AS IDENTITY (
    SEQUENCE NAME public.django_content_type_id_seq
    START WITH 1
    INCREMENT BY 1
    NO MINVALUE
    NO MAXVALUE
    CACHE 1
);


--
-- Name: django_migrations; Type: TABLE; Schema: public; Owner: marketplace_user
--

CREATE TABLE public.django_migrations (
    id bigint NOT NULL,
    app character varying(255) NOT NULL,
    name character varying(255) NOT NULL,
    applied timestamp with time zone NOT NULL
);


ALTER TABLE public.django_migrations OWNER TO marketplace_user;

--
-- Name: django_migrations_id_seq; Type: SEQUENCE; Schema: public; Owner: marketplace_user
--

ALTER TABLE public.django_migrations ALTER COLUMN id ADD GENERATED BY DEFAULT AS IDENTITY (
    SEQUENCE NAME public.django_migrations_id_seq
    START WITH 1
    INCREMENT BY 1
    NO MINVALUE
    NO MAXVALUE
    CACHE 1
);


--
-- Name: django_session; Type: TABLE; Schema: public; Owner: marketplace_user
--

CREATE TABLE public.django_session (
    session_key character varying(40) NOT NULL,
    session_data text NOT NULL,
    expire_date timestamp with time zone NOT NULL
);


ALTER TABLE public.django_session OWNER TO marketplace_user;

--
-- Name: django_site; Type: TABLE; Schema: public; Owner: marketplace_user
--

CREATE TABLE public.django_site (
    id integer NOT NULL,
    domain character varying(100) NOT NULL,
    name character varying(50) NOT NULL
);


ALTER TABLE public.django_site OWNER TO marketplace_user;

--
-- Name: django_site_id_seq; Type: SEQUENCE; Schema: public; Owner: marketplace_user
--

ALTER TABLE public.django_site ALTER COLUMN id ADD GENERATED BY DEFAULT AS IDENTITY (
    SEQUENCE NAME public.django_site_id_seq
    START WITH 1
    INCREMENT BY 1
    NO MINVALUE
    NO MAXVALUE
    CACHE 1
);


--
-- Name: messaging_message; Type: TABLE; Schema: public; Owner: marketplace_user
--

CREATE TABLE public.messaging_message (
    created_at timestamp with time zone NOT NULL,
    updated_at timestamp with time zone NOT NULL,
    is_active boolean NOT NULL,
    id uuid NOT NULL,
    subject character varying(255) NOT NULL,
    content text NOT NULL,
    is_read boolean NOT NULL,
    pgp_signature text,
    expires_at timestamp with time zone,
    recipient_id uuid NOT NULL,
    sender_id uuid NOT NULL
);


ALTER TABLE public.messaging_message OWNER TO marketplace_user;

--
-- Name: messaging_messagethread; Type: TABLE; Schema: public; Owner: marketplace_user
--

CREATE TABLE public.messaging_messagethread (
    created_at timestamp with time zone NOT NULL,
    updated_at timestamp with time zone NOT NULL,
    is_active boolean NOT NULL,
    id uuid NOT NULL,
    subject character varying(255) NOT NULL,
    last_message_id uuid
);


ALTER TABLE public.messaging_messagethread OWNER TO marketplace_user;

--
-- Name: messaging_messagethread_participants; Type: TABLE; Schema: public; Owner: marketplace_user
--

CREATE TABLE public.messaging_messagethread_participants (
    id bigint NOT NULL,
    messagethread_id uuid NOT NULL,
    user_id uuid NOT NULL
);


ALTER TABLE public.messaging_messagethread_participants OWNER TO marketplace_user;

--
-- Name: messaging_messagethread_participants_id_seq; Type: SEQUENCE; Schema: public; Owner: marketplace_user
--

ALTER TABLE public.messaging_messagethread_participants ALTER COLUMN id ADD GENERATED BY DEFAULT AS IDENTITY (
    SEQUENCE NAME public.messaging_messagethread_participants_id_seq
    START WITH 1
    INCREMENT BY 1
    NO MINVALUE
    NO MAXVALUE
    CACHE 1
);


--
-- Name: orders_cart; Type: TABLE; Schema: public; Owner: marketplace_user
--

CREATE TABLE public.orders_cart (
    id bigint NOT NULL,
    created_at timestamp with time zone NOT NULL,
    updated_at timestamp with time zone NOT NULL,
    is_active boolean NOT NULL,
    user_id uuid NOT NULL
);


ALTER TABLE public.orders_cart OWNER TO marketplace_user;

--
-- Name: orders_cart_id_seq; Type: SEQUENCE; Schema: public; Owner: marketplace_user
--

ALTER TABLE public.orders_cart ALTER COLUMN id ADD GENERATED BY DEFAULT AS IDENTITY (
    SEQUENCE NAME public.orders_cart_id_seq
    START WITH 1
    INCREMENT BY 1
    NO MINVALUE
    NO MAXVALUE
    CACHE 1
);


--
-- Name: orders_cartitem; Type: TABLE; Schema: public; Owner: marketplace_user
--

CREATE TABLE public.orders_cartitem (
    id bigint NOT NULL,
    created_at timestamp with time zone NOT NULL,
    updated_at timestamp with time zone NOT NULL,
    is_active boolean NOT NULL,
    quantity integer NOT NULL,
    cart_id bigint NOT NULL,
    product_id uuid NOT NULL
);


ALTER TABLE public.orders_cartitem OWNER TO marketplace_user;

--
-- Name: orders_cartitem_id_seq; Type: SEQUENCE; Schema: public; Owner: marketplace_user
--

ALTER TABLE public.orders_cartitem ALTER COLUMN id ADD GENERATED BY DEFAULT AS IDENTITY (
    SEQUENCE NAME public.orders_cartitem_id_seq
    START WITH 1
    INCREMENT BY 1
    NO MINVALUE
    NO MAXVALUE
    CACHE 1
);


--
-- Name: orders_order; Type: TABLE; Schema: public; Owner: marketplace_user
--

CREATE TABLE public.orders_order (
    created_at timestamp with time zone NOT NULL,
    updated_at timestamp with time zone NOT NULL,
    is_active boolean NOT NULL,
    id uuid NOT NULL,
    status character varying(20) NOT NULL,
    total_btc numeric(20,8) NOT NULL,
    total_xmr numeric(20,12) NOT NULL,
    escrow_address character varying(255),
    shipping_address text NOT NULL,
    user_id uuid NOT NULL,
    buyer_wallet_id uuid,
    auto_finalize_at timestamp with time zone,
    completed_at timestamp with time zone,
    currency_used character varying(3),
    escrow_released boolean NOT NULL,
    locked_at timestamp with time zone,
    quantity integer NOT NULL,
    refunded_at timestamp with time zone,
    shipped_at timestamp with time zone,
    vendor_id uuid
);


ALTER TABLE public.orders_order OWNER TO marketplace_user;

--
-- Name: orders_orderitem; Type: TABLE; Schema: public; Owner: marketplace_user
--

CREATE TABLE public.orders_orderitem (
    id bigint NOT NULL,
    created_at timestamp with time zone NOT NULL,
    updated_at timestamp with time zone NOT NULL,
    is_active boolean NOT NULL,
    quantity integer NOT NULL,
    price_btc numeric(20,8) NOT NULL,
    price_xmr numeric(20,12) NOT NULL,
    order_id uuid NOT NULL,
    product_id uuid NOT NULL
);


ALTER TABLE public.orders_orderitem OWNER TO marketplace_user;

--
-- Name: orders_orderitem_id_seq; Type: SEQUENCE; Schema: public; Owner: marketplace_user
--

ALTER TABLE public.orders_orderitem ALTER COLUMN id ADD GENERATED BY DEFAULT AS IDENTITY (
    SEQUENCE NAME public.orders_orderitem_id_seq
    START WITH 1
    INCREMENT BY 1
    NO MINVALUE
    NO MAXVALUE
    CACHE 1
);


--
-- Name: products_category; Type: TABLE; Schema: public; Owner: marketplace_user
--

CREATE TABLE public.products_category (
    id bigint NOT NULL,
    created_at timestamp with time zone NOT NULL,
    updated_at timestamp with time zone NOT NULL,
    is_active boolean NOT NULL,
    name character varying(100) NOT NULL,
    description text NOT NULL
);


ALTER TABLE public.products_category OWNER TO marketplace_user;

--
-- Name: products_category_id_seq; Type: SEQUENCE; Schema: public; Owner: marketplace_user
--

ALTER TABLE public.products_category ALTER COLUMN id ADD GENERATED BY DEFAULT AS IDENTITY (
    SEQUENCE NAME public.products_category_id_seq
    START WITH 1
    INCREMENT BY 1
    NO MINVALUE
    NO MAXVALUE
    CACHE 1
);


--
-- Name: products_product; Type: TABLE; Schema: public; Owner: marketplace_user
--

CREATE TABLE public.products_product (
    created_at timestamp with time zone NOT NULL,
    updated_at timestamp with time zone NOT NULL,
    is_active boolean NOT NULL,
    id uuid NOT NULL,
    name character varying(200) NOT NULL,
    description text NOT NULL,
    product_type character varying(20) NOT NULL,
    price_btc numeric(20,8) NOT NULL,
    price_xmr numeric(20,8) NOT NULL,
    stock_quantity integer NOT NULL,
    is_available boolean NOT NULL,
    steganography_data text,
    category_id bigint NOT NULL,
    vendor_id uuid NOT NULL,
    image_filename character varying(255) NOT NULL,
    thumbnail_filename character varying(255) NOT NULL
);


ALTER TABLE public.products_product OWNER TO marketplace_user;

--
-- Name: products_productimage; Type: TABLE; Schema: public; Owner: marketplace_user
--

CREATE TABLE public.products_productimage (
    id bigint NOT NULL,
    created_at timestamp with time zone NOT NULL,
    updated_at timestamp with time zone NOT NULL,
    is_active boolean NOT NULL,
    image character varying(100) NOT NULL,
    alt_text character varying(255) NOT NULL,
    is_primary boolean NOT NULL,
    product_id uuid NOT NULL
);


ALTER TABLE public.products_productimage OWNER TO marketplace_user;

--
-- Name: products_productimage_id_seq; Type: SEQUENCE; Schema: public; Owner: marketplace_user
--

ALTER TABLE public.products_productimage ALTER COLUMN id ADD GENERATED BY DEFAULT AS IDENTITY (
    SEQUENCE NAME public.products_productimage_id_seq
    START WITH 1
    INCREMENT BY 1
    NO MINVALUE
    NO MAXVALUE
    CACHE 1
);


--
-- Name: security_botdetectionlog; Type: TABLE; Schema: public; Owner: marketplace_user
--

CREATE TABLE public.security_botdetectionlog (
    id bigint NOT NULL,
    session_key character varying(40) NOT NULL,
    detection_method character varying(20) NOT NULL,
    user_agent text NOT NULL,
    confidence_score integer NOT NULL,
    details jsonb NOT NULL,
    blocked boolean NOT NULL,
    challenge_issued boolean NOT NULL,
    detected_at timestamp with time zone NOT NULL
);


ALTER TABLE public.security_botdetectionlog OWNER TO marketplace_user;

--
-- Name: security_botdetectionlog_id_seq; Type: SEQUENCE; Schema: public; Owner: marketplace_user
--

ALTER TABLE public.security_botdetectionlog ALTER COLUMN id ADD GENERATED BY DEFAULT AS IDENTITY (
    SEQUENCE NAME public.security_botdetectionlog_id_seq
    START WITH 1
    INCREMENT BY 1
    NO MINVALUE
    NO MAXVALUE
    CACHE 1
);


--
-- Name: security_captchaattempt; Type: TABLE; Schema: public; Owner: marketplace_user
--

CREATE TABLE public.security_captchaattempt (
    id bigint NOT NULL,
    session_key character varying(40) NOT NULL,
    challenge_type character varying(20) NOT NULL,
    challenge_data jsonb NOT NULL,
    user_answer character varying(100) NOT NULL,
    correct_answer character varying(100) NOT NULL,
    success boolean NOT NULL,
    attempts_count integer NOT NULL,
    time_taken double precision,
    created_at timestamp with time zone NOT NULL,
    completed_at timestamp with time zone
);


ALTER TABLE public.security_captchaattempt OWNER TO marketplace_user;

--
-- Name: security_captchaattempt_id_seq; Type: SEQUENCE; Schema: public; Owner: marketplace_user
--

ALTER TABLE public.security_captchaattempt ALTER COLUMN id ADD GENERATED BY DEFAULT AS IDENTITY (
    SEQUENCE NAME public.security_captchaattempt_id_seq
    START WITH 1
    INCREMENT BY 1
    NO MINVALUE
    NO MAXVALUE
    CACHE 1
);


--
-- Name: security_ratelimitlog; Type: TABLE; Schema: public; Owner: marketplace_user
--

CREATE TABLE public.security_ratelimitlog (
    id bigint NOT NULL,
    session_key character varying(40) NOT NULL,
    limit_type character varying(20) NOT NULL,
    attempts_count integer NOT NULL,
    limit_threshold integer NOT NULL,
    time_window integer NOT NULL,
    blocked boolean NOT NULL,
    cooldown_until timestamp with time zone NOT NULL,
    triggered_at timestamp with time zone NOT NULL
);


ALTER TABLE public.security_ratelimitlog OWNER TO marketplace_user;

--
-- Name: security_ratelimitlog_id_seq; Type: SEQUENCE; Schema: public; Owner: marketplace_user
--

ALTER TABLE public.security_ratelimitlog ALTER COLUMN id ADD GENERATED BY DEFAULT AS IDENTITY (
    SEQUENCE NAME public.security_ratelimitlog_id_seq
    START WITH 1
    INCREMENT BY 1
    NO MINVALUE
    NO MAXVALUE
    CACHE 1
);


--
-- Name: security_securityauditlog; Type: TABLE; Schema: public; Owner: marketplace_user
--

CREATE TABLE public.security_securityauditlog (
    id bigint NOT NULL,
    category character varying(20) NOT NULL,
    action character varying(100) NOT NULL,
    target_model character varying(50) NOT NULL,
    target_id character varying(50) NOT NULL,
    details jsonb NOT NULL,
    session_key character varying(40) NOT NULL,
    user_agent text NOT NULL,
    risk_level character varying(10) NOT NULL,
    "timestamp" timestamp with time zone NOT NULL,
    user_id uuid
);


ALTER TABLE public.security_securityauditlog OWNER TO marketplace_user;

--
-- Name: security_securityauditlog_id_seq; Type: SEQUENCE; Schema: public; Owner: marketplace_user
--

ALTER TABLE public.security_securityauditlog ALTER COLUMN id ADD GENERATED BY DEFAULT AS IDENTITY (
    SEQUENCE NAME public.security_securityauditlog_id_seq
    START WITH 1
    INCREMENT BY 1
    NO MINVALUE
    NO MAXVALUE
    CACHE 1
);


--
-- Name: security_securityevent; Type: TABLE; Schema: public; Owner: marketplace_user
--

CREATE TABLE public.security_securityevent (
    id bigint NOT NULL,
    event_type character varying(50) NOT NULL,
    user_agent text NOT NULL,
    session_key character varying(40) NOT NULL,
    details jsonb NOT NULL,
    risk_score integer NOT NULL,
    resolved boolean NOT NULL,
    resolution_notes text NOT NULL,
    created_at timestamp with time zone NOT NULL,
    resolved_at timestamp with time zone,
    resolved_by_id uuid,
    user_id uuid
);


ALTER TABLE public.security_securityevent OWNER TO marketplace_user;

--
-- Name: security_securityevent_id_seq; Type: SEQUENCE; Schema: public; Owner: marketplace_user
--

ALTER TABLE public.security_securityevent ALTER COLUMN id ADD GENERATED BY DEFAULT AS IDENTITY (
    SEQUENCE NAME public.security_securityevent_id_seq
    START WITH 1
    INCREMENT BY 1
    NO MINVALUE
    NO MAXVALUE
    CACHE 1
);


--
-- Name: security_sessionsecurity; Type: TABLE; Schema: public; Owner: marketplace_user
--

CREATE TABLE public.security_sessionsecurity (
    id bigint NOT NULL,
    session_key character varying(40) NOT NULL,
    risk_score integer NOT NULL,
    bot_probability double precision NOT NULL,
    first_seen timestamp with time zone NOT NULL,
    last_activity timestamp with time zone NOT NULL,
    page_views integer NOT NULL,
    avg_page_time double precision NOT NULL,
    form_submissions integer NOT NULL,
    failed_attempts integer NOT NULL,
    is_suspicious boolean NOT NULL,
    is_blocked boolean NOT NULL,
    requires_verification boolean NOT NULL,
    user_id uuid
);


ALTER TABLE public.security_sessionsecurity OWNER TO marketplace_user;

--
-- Name: security_sessionsecurity_id_seq; Type: SEQUENCE; Schema: public; Owner: marketplace_user
--

ALTER TABLE public.security_sessionsecurity ALTER COLUMN id ADD GENERATED BY DEFAULT AS IDENTITY (
    SEQUENCE NAME public.security_sessionsecurity_id_seq
    START WITH 1
    INCREMENT BY 1
    NO MINVALUE
    NO MAXVALUE
    CACHE 1
);


--
-- Name: support_feedback; Type: TABLE; Schema: public; Owner: marketplace_user
--

CREATE TABLE public.support_feedback (
    id bigint NOT NULL,
    created_at timestamp with time zone NOT NULL,
    updated_at timestamp with time zone NOT NULL,
    is_active boolean NOT NULL,
    feedback_type character varying(20) NOT NULL,
    content text NOT NULL,
    ring_signature text,
    user_id uuid NOT NULL
);


ALTER TABLE public.support_feedback OWNER TO marketplace_user;

--
-- Name: support_feedback_id_seq; Type: SEQUENCE; Schema: public; Owner: marketplace_user
--

ALTER TABLE public.support_feedback ALTER COLUMN id ADD GENERATED BY DEFAULT AS IDENTITY (
    SEQUENCE NAME public.support_feedback_id_seq
    START WITH 1
    INCREMENT BY 1
    NO MINVALUE
    NO MAXVALUE
    CACHE 1
);


--
-- Name: support_supportticket; Type: TABLE; Schema: public; Owner: marketplace_user
--

CREATE TABLE public.support_supportticket (
    created_at timestamp with time zone NOT NULL,
    updated_at timestamp with time zone NOT NULL,
    is_active boolean NOT NULL,
    id uuid NOT NULL,
    subject character varying(255) NOT NULL,
    description text NOT NULL,
    status character varying(20) NOT NULL,
    priority character varying(20) NOT NULL,
    assigned_to_id uuid,
    user_id uuid NOT NULL
);


ALTER TABLE public.support_supportticket OWNER TO marketplace_user;

--
-- Name: vendors_feedback; Type: TABLE; Schema: public; Owner: marketplace_user
--

CREATE TABLE public.vendors_feedback (
    created_at timestamp with time zone NOT NULL,
    updated_at timestamp with time zone NOT NULL,
    is_active boolean NOT NULL,
    id uuid NOT NULL,
    rating integer NOT NULL,
    comment text NOT NULL,
    vendor_response text NOT NULL,
    response_date timestamp with time zone,
    is_public boolean NOT NULL,
    customer_id uuid NOT NULL,
    vendor_id uuid NOT NULL
);


ALTER TABLE public.vendors_feedback OWNER TO marketplace_user;

--
-- Name: vendors_promotion; Type: TABLE; Schema: public; Owner: marketplace_user
--

CREATE TABLE public.vendors_promotion (
    created_at timestamp with time zone NOT NULL,
    updated_at timestamp with time zone NOT NULL,
    id uuid NOT NULL,
    title character varying(200) NOT NULL,
    description text NOT NULL,
    discount_percentage numeric(5,2) NOT NULL,
    code character varying(50) NOT NULL,
    start_date timestamp with time zone NOT NULL,
    end_date timestamp with time zone NOT NULL,
    max_uses integer NOT NULL,
    current_uses integer NOT NULL,
    is_active boolean NOT NULL,
    vendor_id uuid NOT NULL
);


ALTER TABLE public.vendors_promotion OWNER TO marketplace_user;

--
-- Name: vendors_subvendor; Type: TABLE; Schema: public; Owner: marketplace_user
--

CREATE TABLE public.vendors_subvendor (
    created_at timestamp with time zone NOT NULL,
    updated_at timestamp with time zone NOT NULL,
    id uuid NOT NULL,
    can_view_orders boolean NOT NULL,
    can_respond_messages boolean NOT NULL,
    can_update_tracking boolean NOT NULL,
    can_process_refunds boolean NOT NULL,
    daily_message_limit integer NOT NULL,
    messages_sent_today integer NOT NULL,
    last_message_reset date NOT NULL,
    is_active boolean NOT NULL,
    last_login timestamp with time zone,
    deactivated_at timestamp with time zone,
    created_by_id uuid NOT NULL,
    main_vendor_id uuid NOT NULL,
    user_id uuid NOT NULL
);


ALTER TABLE public.vendors_subvendor OWNER TO marketplace_user;

--
-- Name: vendors_subvendoractivitylog; Type: TABLE; Schema: public; Owner: marketplace_user
--

CREATE TABLE public.vendors_subvendoractivitylog (
    created_at timestamp with time zone NOT NULL,
    updated_at timestamp with time zone NOT NULL,
    is_active boolean NOT NULL,
    id uuid NOT NULL,
    action character varying(30) NOT NULL,
    details jsonb NOT NULL,
    ip_address inet,
    sub_vendor_id uuid NOT NULL
);


ALTER TABLE public.vendors_subvendoractivitylog OWNER TO marketplace_user;

--
-- Name: vendors_vendor; Type: TABLE; Schema: public; Owner: marketplace_user
--

CREATE TABLE public.vendors_vendor (
    created_at timestamp with time zone NOT NULL,
    updated_at timestamp with time zone NOT NULL,
    is_active boolean NOT NULL,
    id uuid NOT NULL,
    vendor_name character varying(100) NOT NULL,
    description text NOT NULL,
    trust_level character varying(20) NOT NULL,
    total_sales numeric(15,2) NOT NULL,
    rating numeric(3,2) NOT NULL,
    is_approved boolean NOT NULL,
    user_id uuid NOT NULL,
    low_stock_threshold integer NOT NULL,
    response_time interval,
    vacation_ends timestamp with time zone,
    vacation_message text NOT NULL,
    vacation_mode boolean NOT NULL,
    vacation_started timestamp with time zone,
    bond_amount numeric(20,8) NOT NULL,
    bond_currency character varying(3) NOT NULL,
    bond_paid boolean NOT NULL,
    bond_transaction_id character varying(255),
    pgp_key text,
    average_rating numeric(3,2) NOT NULL,
    completed_orders integer NOT NULL,
    disputed_orders integer NOT NULL,
    profile_header text NOT NULL,
    shipping_info text NOT NULL,
    terms_conditions text NOT NULL,
    total_orders integer NOT NULL,
    total_reviews integer NOT NULL,
    trust_score integer NOT NULL
);


ALTER TABLE public.vendors_vendor OWNER TO marketplace_user;

--
-- Name: vendors_vendornotification; Type: TABLE; Schema: public; Owner: marketplace_user
--

CREATE TABLE public.vendors_vendornotification (
    created_at timestamp with time zone NOT NULL,
    updated_at timestamp with time zone NOT NULL,
    is_active boolean NOT NULL,
    id uuid NOT NULL,
    title character varying(200) NOT NULL,
    message text NOT NULL,
    notification_type character varying(20) NOT NULL,
    is_read boolean NOT NULL,
    read_at timestamp with time zone,
    vendor_id uuid NOT NULL
);


ALTER TABLE public.vendors_vendornotification OWNER TO marketplace_user;

--
-- Name: vendors_vendorrating; Type: TABLE; Schema: public; Owner: marketplace_user
--

CREATE TABLE public.vendors_vendorrating (
    id bigint NOT NULL,
    created_at timestamp with time zone NOT NULL,
    updated_at timestamp with time zone NOT NULL,
    is_active boolean NOT NULL,
    rating integer NOT NULL,
    comment text NOT NULL,
    user_id uuid NOT NULL,
    vendor_id uuid NOT NULL
);


ALTER TABLE public.vendors_vendorrating OWNER TO marketplace_user;

--
-- Name: vendors_vendorrating_id_seq; Type: SEQUENCE; Schema: public; Owner: marketplace_user
--

ALTER TABLE public.vendors_vendorrating ALTER COLUMN id ADD GENERATED BY DEFAULT AS IDENTITY (
    SEQUENCE NAME public.vendors_vendorrating_id_seq
    START WITH 1
    INCREMENT BY 1
    NO MINVALUE
    NO MAXVALUE
    CACHE 1
);


--
-- Name: wallets_transaction; Type: TABLE; Schema: public; Owner: marketplace_user
--

CREATE TABLE public.wallets_transaction (
    created_at timestamp with time zone NOT NULL,
    updated_at timestamp with time zone NOT NULL,
    is_active boolean NOT NULL,
    id uuid NOT NULL,
    transaction_type character varying(20) NOT NULL,
    amount numeric(20,8) NOT NULL,
    txid character varying(255),
    confirmations integer NOT NULL,
    status character varying(20) NOT NULL,
    wallet_id uuid NOT NULL
);


ALTER TABLE public.wallets_transaction OWNER TO marketplace_user;

--
-- Name: wallets_wallet; Type: TABLE; Schema: public; Owner: marketplace_user
--

CREATE TABLE public.wallets_wallet (
    created_at timestamp with time zone NOT NULL,
    updated_at timestamp with time zone NOT NULL,
    is_active boolean NOT NULL,
    id uuid NOT NULL,
    currency character varying(3) NOT NULL,
    address character varying(255) NOT NULL,
    private_key text NOT NULL,
    balance numeric(20,8) NOT NULL,
    user_id uuid NOT NULL,
    balance_btc numeric(16,8) NOT NULL,
    balance_xmr numeric(16,12) NOT NULL,
    escrow_btc numeric(16,8) NOT NULL,
    escrow_xmr numeric(16,12) NOT NULL,
    withdrawal_pin character varying(128),
    two_fa_enabled boolean NOT NULL,
    two_fa_secret character varying(32),
    daily_withdrawal_limit_btc numeric(16,8) NOT NULL,
    daily_withdrawal_limit_xmr numeric(16,12) NOT NULL,
    last_activity timestamp with time zone NOT NULL
);


ALTER TABLE public.wallets_wallet OWNER TO marketplace_user;

--
-- Data for Name: accounts_loginhistory; Type: TABLE DATA; Schema: public; Owner: marketplace_user
--

COPY public.accounts_loginhistory (id, login_time, ip_hash, user_agent, success, user_id) FROM stdin;
1	2025-08-26 07:59:39.652638+00	faf005adfd9f881a13597a9aa804aecef294fb75f749cb22f79b3a94aed16748	Mozilla/5.0 (Android 10; Mobile; rv:128.0) Gecko/128.0 Firefox/128.0	t	edd5c1a2-f7e9-4bb1-887e-584fdf98d7e4
2	2025-08-26 08:55:36.525813+00	97224688687a8fabe0d04884ce43624691e7aa30aac92685fc587932b5c02e59	Mozilla/5.0 (Android 10; Mobile; rv:128.0) Gecko/128.0 Firefox/128.0	t	edd5c1a2-f7e9-4bb1-887e-584fdf98d7e4
3	2025-08-26 09:28:25.779301+00	99196e5b4265611ea9eebf3e2b35876a94924400fa787a39de934b2784b96254	Mozilla/5.0 (Android 10; Mobile; rv:128.0) Gecko/128.0 Firefox/128.0	t	d51a81c5-badf-4068-a5a4-bdaca4daedc1
\.


--
-- Data for Name: accounts_user; Type: TABLE DATA; Schema: public; Owner: marketplace_user
--

COPY public.accounts_user (password, last_login, is_superuser, username, first_name, last_name, email, is_staff, is_active, date_joined, created_at, updated_at, id, pgp_public_key, panic_password, last_activity, failed_login_attempts, is_vendor, account_created, default_currency, default_shipping_country, feedback_score, pgp_challenge, pgp_challenge_expires, pgp_fingerprint, pgp_login_enabled, positive_feedback_count, session_fingerprints, total_trades, totp_backup_codes, totp_enabled, totp_secret) FROM stdin;
pbkdf2_sha256$870000$djFd2DYkTzljFpbgno8jhf$8N/E5sSnnyH4B+60l0irSw7ugTttszRL2B+zuEx+rJw=	\N	t	admin			admin@marketplace.onion	t	t	2025-08-26 04:51:45.244986+00	2025-08-26 04:51:45.244993+00	2025-08-26 04:51:45.418115+00	28afff78-28d3-42cc-a458-633bc4422d00	\N	\N	2025-08-26 04:51:45.245054+00	0	f	2025-08-26 04:51:45.418156+00	BTC		0	\N	\N		f	0	{}	0	[]	f	\N
pbkdf2_sha256$870000$mPSeklSw7x6OLApVPiMGjF$QWGKftRe3yoWA4ZOjTsAcmc//G0JCFlOIKY8tH2hQGI=	2025-08-26 08:55:36.529466+00	f	john				f	t	2025-08-26 07:59:17.446556+00	2025-08-26 07:59:17.446561+00	2025-08-26 07:59:17.657516+00	edd5c1a2-f7e9-4bb1-887e-584fdf98d7e4	\N	\N	2025-08-26 07:59:17.446642+00	0	f	2025-08-26 07:59:17.65767+00	BTC		0	\N	\N		f	0	{}	0	[]	f	\N
pbkdf2_sha256$870000$eZap1qZl8v9NgEs8WGeDCf$grRk0vq7mObDLBtdOFObQhf+GBq70epulVwRQaacr7c=	2025-08-26 09:28:25.783428+00	f	jack				f	t	2025-08-26 09:28:10.284659+00	2025-08-26 09:28:10.284676+00	2025-08-26 09:28:10.505864+00	d51a81c5-badf-4068-a5a4-bdaca4daedc1	\N	\N	2025-08-26 09:28:10.285121+00	0	f	2025-08-26 09:28:10.506058+00	BTC		0	\N	\N		f	0	{}	0	[]	f	\N
\.


--
-- Data for Name: accounts_user_groups; Type: TABLE DATA; Schema: public; Owner: marketplace_user
--

COPY public.accounts_user_groups (id, user_id, group_id) FROM stdin;
\.


--
-- Data for Name: accounts_user_user_permissions; Type: TABLE DATA; Schema: public; Owner: marketplace_user
--

COPY public.accounts_user_user_permissions (id, user_id, permission_id) FROM stdin;
\.


--
-- Data for Name: accounts_usersession; Type: TABLE DATA; Schema: public; Owner: marketplace_user
--

COPY public.accounts_usersession (id, created_at, updated_at, is_active, session_key, fingerprint, ip_address, user_agent, last_activity, user_id) FROM stdin;
\.


--
-- Data for Name: adminpanel_adminaction; Type: TABLE DATA; Schema: public; Owner: marketplace_user
--

COPY public.adminpanel_adminaction (id, action, description, details, session_id, user_agent_hash, success, error_message, "timestamp", admin_user_id, target_user_id) FROM stdin;
\.


--
-- Data for Name: adminpanel_adminlog; Type: TABLE DATA; Schema: public; Owner: marketplace_user
--

COPY public.adminpanel_adminlog (created_at, updated_at, is_active, id, action_type, target_model, target_id, description, ip_address, admin_user_id) FROM stdin;
\.


--
-- Data for Name: adminpanel_adminprofile; Type: TABLE DATA; Schema: public; Owner: marketplace_user
--

COPY public.adminpanel_adminprofile (id, secondary_password_hash, pgp_public_key, pgp_fingerprint, pgp_required, require_triple_auth, session_timeout, created_at, updated_at, last_login, user_id) FROM stdin;
\.


--
-- Data for Name: adminpanel_securityalert; Type: TABLE DATA; Schema: public; Owner: marketplace_user
--

COPY public.adminpanel_securityalert (id, alert_type, severity, title, description, details, is_resolved, resolved_at, resolution_notes, created_at, updated_at, resolved_by_id, user_id) FROM stdin;
\.


--
-- Data for Name: adminpanel_systemsettings; Type: TABLE DATA; Schema: public; Owner: marketplace_user
--

COPY public.adminpanel_systemsettings (id, created_at, updated_at, is_active, key, value, description) FROM stdin;
\.


--
-- Data for Name: auth_group; Type: TABLE DATA; Schema: public; Owner: marketplace_user
--

COPY public.auth_group (id, name) FROM stdin;
\.


--
-- Data for Name: auth_group_permissions; Type: TABLE DATA; Schema: public; Owner: marketplace_user
--

COPY public.auth_group_permissions (id, group_id, permission_id) FROM stdin;
\.


--
-- Data for Name: auth_permission; Type: TABLE DATA; Schema: public; Owner: marketplace_user
--

COPY public.auth_permission (id, name, content_type_id, codename) FROM stdin;
1	Can add log entry	1	add_logentry
2	Can change log entry	1	change_logentry
3	Can delete log entry	1	delete_logentry
4	Can view log entry	1	view_logentry
5	Can add permission	2	add_permission
6	Can change permission	2	change_permission
7	Can delete permission	2	delete_permission
8	Can view permission	2	view_permission
9	Can add group	3	add_group
10	Can change group	3	change_group
11	Can delete group	3	delete_group
12	Can view group	3	view_group
13	Can add content type	4	add_contenttype
14	Can change content type	4	change_contenttype
15	Can delete content type	4	delete_contenttype
16	Can view content type	4	view_contenttype
17	Can add session	5	add_session
18	Can change session	5	change_session
19	Can delete session	5	delete_session
20	Can view session	5	view_session
21	Can add site	6	add_site
22	Can change site	6	change_site
23	Can delete site	6	delete_site
24	Can view site	6	view_site
25	Can add system settings	7	add_systemsettings
26	Can change system settings	7	change_systemsettings
27	Can delete system settings	7	delete_systemsettings
28	Can view system settings	7	view_systemsettings
29	Can add broadcast message	8	add_broadcastmessage
30	Can change broadcast message	8	change_broadcastmessage
31	Can delete broadcast message	8	delete_broadcastmessage
32	Can view broadcast message	8	view_broadcastmessage
33	Can add security log	9	add_securitylog
34	Can change security log	9	change_securitylog
35	Can delete security log	9	delete_securitylog
36	Can view security log	9	view_securitylog
37	Can add dispute arbitration	10	add_disputearbitration
38	Can change dispute arbitration	10	change_disputearbitration
39	Can delete dispute arbitration	10	delete_disputearbitration
40	Can view dispute arbitration	10	view_disputearbitration
41	Can add loyalty transaction	11	add_loyaltytransaction
42	Can change loyalty transaction	11	change_loyaltytransaction
43	Can delete loyalty transaction	11	delete_loyaltytransaction
44	Can view loyalty transaction	11	view_loyaltytransaction
45	Can add search query	12	add_searchquery
46	Can change search query	12	change_searchquery
47	Can delete search query	12	delete_searchquery
48	Can view search query	12	view_searchquery
49	Can add user preference profile	13	add_userpreferenceprofile
50	Can change user preference profile	13	change_userpreferenceprofile
51	Can delete user preference profile	13	delete_userpreferenceprofile
52	Can view user preference profile	13	view_userpreferenceprofile
53	Can add loyalty points	14	add_loyaltypoints
54	Can change loyalty points	14	change_loyaltypoints
55	Can delete loyalty points	14	delete_loyaltypoints
56	Can view loyalty points	14	view_loyaltypoints
57	Can add price prediction	15	add_priceprediction
58	Can change price prediction	15	change_priceprediction
59	Can delete price prediction	15	delete_priceprediction
60	Can view price prediction	15	view_priceprediction
61	Can add product recommendation	16	add_productrecommendation
62	Can change product recommendation	16	change_productrecommendation
63	Can delete product recommendation	16	delete_productrecommendation
64	Can view product recommendation	16	view_productrecommendation
65	Can add vendor analytics	17	add_vendoranalytics
66	Can change vendor analytics	17	change_vendoranalytics
67	Can delete vendor analytics	17	delete_vendoranalytics
68	Can view vendor analytics	17	view_vendoranalytics
69	Can add user	18	add_user
70	Can change user	18	change_user
71	Can delete user	18	delete_user
72	Can view user	18	view_user
73	Can add user session	19	add_usersession
74	Can change user session	19	change_usersession
75	Can delete user session	19	delete_usersession
76	Can view user session	19	view_usersession
77	Can add login history	20	add_loginhistory
78	Can change login history	20	change_loginhistory
79	Can delete login history	20	delete_loginhistory
80	Can view login history	20	view_loginhistory
81	Can add wallet	21	add_wallet
82	Can change wallet	21	change_wallet
83	Can delete wallet	21	delete_wallet
84	Can view wallet	21	view_wallet
85	Can add transaction	22	add_transaction
86	Can change transaction	22	change_transaction
87	Can delete transaction	22	delete_transaction
88	Can view transaction	22	view_transaction
89	Can add category	23	add_category
90	Can change category	23	change_category
91	Can delete category	23	delete_category
92	Can view category	23	view_category
93	Can add product	24	add_product
94	Can change product	24	change_product
95	Can delete product	24	delete_product
96	Can view product	24	view_product
97	Can add product image	25	add_productimage
98	Can change product image	25	change_productimage
99	Can delete product image	25	delete_productimage
100	Can view product image	25	view_productimage
101	Can add cart	26	add_cart
102	Can change cart	26	change_cart
103	Can delete cart	26	delete_cart
104	Can view cart	26	view_cart
105	Can add order	27	add_order
106	Can change order	27	change_order
107	Can delete order	27	delete_order
108	Can view order	27	view_order
109	Can add order item	28	add_orderitem
110	Can change order item	28	change_orderitem
111	Can delete order item	28	delete_orderitem
112	Can view order item	28	view_orderitem
113	Can add cart item	29	add_cartitem
114	Can change cart item	29	change_cartitem
115	Can delete cart item	29	delete_cartitem
116	Can view cart item	29	view_cartitem
117	Can add vendor	30	add_vendor
118	Can change vendor	30	change_vendor
119	Can delete vendor	30	delete_vendor
120	Can view vendor	30	view_vendor
121	Can add vendor rating	31	add_vendorrating
122	Can change vendor rating	31	change_vendorrating
123	Can delete vendor rating	31	delete_vendorrating
124	Can view vendor rating	31	view_vendorrating
125	Can add feedback	32	add_feedback
126	Can change feedback	32	change_feedback
127	Can delete feedback	32	delete_feedback
128	Can view feedback	32	view_feedback
129	Can add promotion	33	add_promotion
130	Can change promotion	33	change_promotion
131	Can delete promotion	33	delete_promotion
132	Can view promotion	33	view_promotion
133	Can add vendor notification	34	add_vendornotification
134	Can change vendor notification	34	change_vendornotification
135	Can delete vendor notification	34	delete_vendornotification
136	Can view vendor notification	34	view_vendornotification
137	Can add sub vendor	35	add_subvendor
138	Can change sub vendor	35	change_subvendor
139	Can delete sub vendor	35	delete_subvendor
140	Can view sub vendor	35	view_subvendor
141	Can add sub vendor activity log	36	add_subvendoractivitylog
142	Can change sub vendor activity log	36	change_subvendoractivitylog
143	Can delete sub vendor activity log	36	delete_subvendoractivitylog
144	Can view sub vendor activity log	36	view_subvendoractivitylog
145	Can add message	37	add_message
146	Can change message	37	change_message
147	Can delete message	37	delete_message
148	Can view message	37	view_message
149	Can add message thread	38	add_messagethread
150	Can change message thread	38	change_messagethread
151	Can delete message thread	38	delete_messagethread
152	Can view message thread	38	view_messagethread
153	Can add feedback	39	add_feedback
154	Can change feedback	39	change_feedback
155	Can delete feedback	39	delete_feedback
156	Can view feedback	39	view_feedback
157	Can add support ticket	40	add_supportticket
158	Can change support ticket	40	change_supportticket
159	Can delete support ticket	40	delete_supportticket
160	Can view support ticket	40	view_supportticket
161	Can add system settings	41	add_systemsettings
162	Can change system settings	41	change_systemsettings
163	Can delete system settings	41	delete_systemsettings
164	Can view system settings	41	view_systemsettings
165	Can add admin log	42	add_adminlog
166	Can change admin log	42	change_adminlog
167	Can delete admin log	42	delete_adminlog
168	Can view admin log	42	view_adminlog
169	Can add admin profile	43	add_adminprofile
170	Can change admin profile	43	change_adminprofile
171	Can delete admin profile	43	delete_adminprofile
172	Can view admin profile	43	view_adminprofile
173	Can add admin action	44	add_adminaction
174	Can change admin action	44	change_adminaction
175	Can delete admin action	44	delete_adminaction
176	Can view admin action	44	view_adminaction
177	Can add security alert	45	add_securityalert
178	Can change security alert	45	change_securityalert
179	Can delete security alert	45	delete_securityalert
180	Can view security alert	45	view_securityalert
181	Can add dispute	46	add_dispute
182	Can change dispute	46	change_dispute
183	Can delete dispute	46	delete_dispute
184	Can view dispute	46	view_dispute
185	Can add dispute evidence	47	add_disputeevidence
186	Can change dispute evidence	47	change_disputeevidence
187	Can delete dispute evidence	47	delete_disputeevidence
188	Can view dispute evidence	47	view_disputeevidence
189	Can add bot detection log	48	add_botdetectionlog
190	Can change bot detection log	48	change_botdetectionlog
191	Can delete bot detection log	48	delete_botdetectionlog
192	Can view bot detection log	48	view_botdetectionlog
193	Can add captcha attempt	49	add_captchaattempt
194	Can change captcha attempt	49	change_captchaattempt
195	Can delete captcha attempt	49	delete_captchaattempt
196	Can view captcha attempt	49	view_captchaattempt
197	Can add rate limit log	50	add_ratelimitlog
198	Can change rate limit log	50	change_ratelimitlog
199	Can delete rate limit log	50	delete_ratelimitlog
200	Can view rate limit log	50	view_ratelimitlog
201	Can add security audit log	51	add_securityauditlog
202	Can change security audit log	51	change_securityauditlog
203	Can delete security audit log	51	delete_securityauditlog
204	Can view security audit log	51	view_securityauditlog
205	Can add security event	52	add_securityevent
206	Can change security event	52	change_securityevent
207	Can delete security event	52	delete_securityevent
208	Can view security event	52	view_securityevent
209	Can add session security	53	add_sessionsecurity
210	Can change session security	53	change_sessionsecurity
211	Can delete session security	53	delete_sessionsecurity
212	Can view session security	53	view_sessionsecurity
213	Can add audit log	54	add_auditlog
214	Can change audit log	54	change_auditlog
215	Can delete audit log	54	delete_auditlog
216	Can view audit log	54	view_auditlog
217	Can add conversion rate	55	add_conversionrate
218	Can change conversion rate	55	change_conversionrate
219	Can delete conversion rate	55	delete_conversionrate
220	Can view conversion rate	55	view_conversionrate
221	Can add withdrawal request	56	add_withdrawalrequest
222	Can change withdrawal request	56	change_withdrawalrequest
223	Can delete withdrawal request	56	delete_withdrawalrequest
224	Can view withdrawal request	56	view_withdrawalrequest
225	Can add wallet balance check	57	add_walletbalancecheck
226	Can change wallet balance check	57	change_walletbalancecheck
227	Can delete wallet balance check	57	delete_walletbalancecheck
228	Can view wallet balance check	57	view_walletbalancecheck
\.


--
-- Data for Name: core_broadcastmessage; Type: TABLE DATA; Schema: public; Owner: marketplace_user
--

COPY public.core_broadcastmessage (id, title, content, active, priority, target_audience, created_at, updated_at, expires_at, created_by_id) FROM stdin;
\.


--
-- Data for Name: core_disputearbitration; Type: TABLE DATA; Schema: public; Owner: marketplace_user
--

COPY public.core_disputearbitration (id, decision, evidence_score, order_pattern_score, confidence_score, reasoning, automated, created_at, arbitrator_id, dispute_id) FROM stdin;
\.


--
-- Data for Name: core_loyaltypoints; Type: TABLE DATA; Schema: public; Owner: marketplace_user
--

COPY public.core_loyaltypoints (id, points, level, total_earned, total_spent, last_activity, created_at, user_id) FROM stdin;
\.


--
-- Data for Name: core_loyaltytransaction; Type: TABLE DATA; Schema: public; Owner: marketplace_user
--

COPY public.core_loyaltytransaction (id, points, transaction_type, reason, created_at, order_id, user_id) FROM stdin;
\.


--
-- Data for Name: core_priceprediction; Type: TABLE DATA; Schema: public; Owner: marketplace_user
--

COPY public.core_priceprediction (id, predicted_price, confidence_score, prediction_type, market_conditions, factors, predicted_at, valid_until, product_id) FROM stdin;
\.


--
-- Data for Name: core_productrecommendation; Type: TABLE DATA; Schema: public; Owner: marketplace_user
--

COPY public.core_productrecommendation (id, recommendation_type, confidence_score, explanation, created_at, expires_at, product_id, user_id) FROM stdin;
\.


--
-- Data for Name: core_searchquery; Type: TABLE DATA; Schema: public; Owner: marketplace_user
--

COPY public.core_searchquery (id, query, filters, results_count, clicked_results, session_id, ip_address, user_agent, created_at, user_id) FROM stdin;
\.


--
-- Data for Name: core_securitylog; Type: TABLE DATA; Schema: public; Owner: marketplace_user
--

COPY public.core_securitylog (id, ip_address, user_agent, action, details, "timestamp", severity, user_id) FROM stdin;
\.


--
-- Data for Name: core_systemsettings; Type: TABLE DATA; Schema: public; Owner: marketplace_user
--

COPY public.core_systemsettings (id, key, value, description, created_at, updated_at) FROM stdin;
\.


--
-- Data for Name: core_userpreferenceprofile; Type: TABLE DATA; Schema: public; Owner: marketplace_user
--

COPY public.core_userpreferenceprofile (id, purchase_patterns, price_sensitivity, category_affinity, vendor_preferences, temporal_patterns, risk_profile, loyalty_indicators, churn_risk, last_updated, created_at, user_id) FROM stdin;
\.


--
-- Data for Name: core_vendoranalytics; Type: TABLE DATA; Schema: public; Owner: marketplace_user
--

COPY public.core_vendoranalytics (id, data_type, data, period_start, period_end, created_at, expires_at, vendor_id) FROM stdin;
\.


--
-- Data for Name: disputes_dispute; Type: TABLE DATA; Schema: public; Owner: marketplace_user
--

COPY public.disputes_dispute (created_at, updated_at, is_active, id, reason, status, resolution, complainant_id, moderator_id, order_id, respondent_id, admin_notes, buyer_statement, chat_history, partial_refund_percentage, resolution_type, resolved_at, vendor_statement) FROM stdin;
\.


--
-- Data for Name: disputes_disputeevidence; Type: TABLE DATA; Schema: public; Owner: marketplace_user
--

COPY public.disputes_disputeevidence (id, created_at, updated_at, is_active, description, steganographic_data, file_attachment, dispute_id, submitted_by_id, evidence_type) FROM stdin;
\.


--
-- Data for Name: django_admin_log; Type: TABLE DATA; Schema: public; Owner: marketplace_user
--

COPY public.django_admin_log (id, action_time, object_id, object_repr, action_flag, change_message, content_type_id, user_id) FROM stdin;
\.


--
-- Data for Name: django_content_type; Type: TABLE DATA; Schema: public; Owner: marketplace_user
--

COPY public.django_content_type (id, app_label, model) FROM stdin;
1	admin	logentry
2	auth	permission
3	auth	group
4	contenttypes	contenttype
5	sessions	session
6	sites	site
7	core	systemsettings
8	core	broadcastmessage
9	core	securitylog
10	core	disputearbitration
11	core	loyaltytransaction
12	core	searchquery
13	core	userpreferenceprofile
14	core	loyaltypoints
15	core	priceprediction
16	core	productrecommendation
17	core	vendoranalytics
18	accounts	user
19	accounts	usersession
20	accounts	loginhistory
21	wallets	wallet
22	wallets	transaction
23	products	category
24	products	product
25	products	productimage
26	orders	cart
27	orders	order
28	orders	orderitem
29	orders	cartitem
30	vendors	vendor
31	vendors	vendorrating
32	vendors	feedback
33	vendors	promotion
34	vendors	vendornotification
35	vendors	subvendor
36	vendors	subvendoractivitylog
37	messaging	message
38	messaging	messagethread
39	support	feedback
40	support	supportticket
41	adminpanel	systemsettings
42	adminpanel	adminlog
43	adminpanel	adminprofile
44	adminpanel	adminaction
45	adminpanel	securityalert
46	disputes	dispute
47	disputes	disputeevidence
48	security	botdetectionlog
49	security	captchaattempt
50	security	ratelimitlog
51	security	securityauditlog
52	security	securityevent
53	security	sessionsecurity
54	wallets	auditlog
55	wallets	conversionrate
56	wallets	withdrawalrequest
57	wallets	walletbalancecheck
\.


--
-- Data for Name: django_migrations; Type: TABLE DATA; Schema: public; Owner: marketplace_user
--

COPY public.django_migrations (id, app, name, applied) FROM stdin;
1	contenttypes	0001_initial	2025-08-26 04:50:58.443258+00
2	contenttypes	0002_remove_content_type_name	2025-08-26 04:50:58.446724+00
3	auth	0001_initial	2025-08-26 04:50:58.461935+00
4	auth	0002_alter_permission_name_max_length	2025-08-26 04:50:58.465181+00
5	auth	0003_alter_user_email_max_length	2025-08-26 04:50:58.468986+00
6	auth	0004_alter_user_username_opts	2025-08-26 04:50:58.473005+00
7	auth	0005_alter_user_last_login_null	2025-08-26 04:50:58.476858+00
8	auth	0006_require_contenttypes_0002	2025-08-26 04:50:58.478596+00
9	auth	0007_alter_validators_add_error_messages	2025-08-26 04:50:58.482413+00
10	auth	0008_alter_user_username_max_length	2025-08-26 04:50:58.485922+00
11	auth	0009_alter_user_last_name_max_length	2025-08-26 04:50:58.489199+00
12	auth	0010_alter_group_name_max_length	2025-08-26 04:50:58.49309+00
13	auth	0011_update_proxy_permissions	2025-08-26 04:50:58.496436+00
14	auth	0012_alter_user_first_name_max_length	2025-08-26 04:50:58.499777+00
15	accounts	0001_initial	2025-08-26 04:50:58.521977+00
16	accounts	0002_remove_user_session_fingerprint_user_account_created_and_more	2025-08-26 04:50:58.586176+00
17	accounts	0003_user_theme_preference	2025-08-26 04:50:58.592589+00
18	accounts	0004_remove_theme_preference	2025-08-26 04:50:58.599288+00
19	accounts	0005_update_currency_choices	2025-08-26 04:50:58.609338+00
20	accounts	0006_add_totp_fields	2025-08-26 04:50:58.627864+00
21	admin	0001_initial	2025-08-26 04:50:58.638837+00
22	admin	0002_logentry_remove_auto_add	2025-08-26 04:50:58.643632+00
23	admin	0003_logentry_add_action_flag_choices	2025-08-26 04:50:58.649418+00
24	adminpanel	0001_initial	2025-08-26 04:50:58.661133+00
25	adminpanel	0002_adminprofile_adminaction_securityalert	2025-08-26 04:50:58.691905+00
26	vendors	0001_initial	2025-08-26 04:50:58.715484+00
27	products	0001_initial	2025-08-26 04:50:58.7448+00
28	products	0002_product_image_filename_product_thumbnail_filename	2025-08-26 04:50:58.756825+00
29	products	0003_product_was_active_before_vacation	2025-08-26 04:50:58.767742+00
30	products	0004_remove_vacation_field	2025-08-26 04:50:58.773147+00
31	wallets	0001_initial	2025-08-26 04:50:58.799786+00
32	orders	0001_initial	2025-08-26 04:50:58.855488+00
33	orders	0002_order_buyer_wallet	2025-08-26 04:50:58.87069+00
34	disputes	0001_initial	2025-08-26 04:50:58.931851+00
35	core	0001_initial	2025-08-26 04:50:58.984008+00
36	core	0002_disputearbitration_loyaltytransaction_searchquery_and_more	2025-08-26 04:50:59.131373+00
37	messaging	0001_initial	2025-08-26 04:50:59.1788+00
38	orders	0003_add_indexes	2025-08-26 04:50:59.247064+00
39	products	0005_add_indexes	2025-08-26 04:50:59.289416+00
40	security	0001_initial	2025-08-26 04:50:59.37849+00
41	sessions	0001_initial	2025-08-26 04:50:59.383628+00
42	sites	0001_initial	2025-08-26 04:50:59.386658+00
43	sites	0002_alter_domain_unique	2025-08-26 04:50:59.392026+00
44	support	0001_initial	2025-08-26 04:50:59.444485+00
45	vendors	0002_feedback_promotion_vendornotification_and_more	2025-08-26 04:50:59.748173+00
46	vendors	0003_subvendor_subvendoractivitylog_vendor_vacation_ends_and_more	2025-08-26 04:51:00.020674+00
47	vendors	0004_add_vacation_and_subvendor_fields	2025-08-26 04:51:00.021685+00
48	vendors	0005_vendor_bond_amount_vendor_bond_currency_and_more	2025-08-26 04:51:00.184785+00
49	vendors	0006_vendor_average_rating_vendor_completed_orders_and_more	2025-08-26 04:51:00.397785+00
50	vendors	0007_add_indexes	2025-08-26 04:51:00.505986+00
51	wallets	0002_wallet_system_rewrite	2025-08-26 04:51:15.295147+00
52	wallets	0003_remove_auditlog_ip_address_and_more	2025-08-26 04:51:15.296417+00
53	wallets	0004_fix_wallet_schema	2025-08-26 04:51:15.297654+00
54	wallets	0005_add_remaining_fields	2025-08-26 04:51:15.299296+00
55	wallets	0006_add_all_missing_fields	2025-08-26 04:51:15.300588+00
56	disputes	0002_dispute_admin_notes_dispute_buyer_statement_and_more	2025-08-26 08:01:01.126325+00
57	vendors	0008_remove_vendor_vendors_active_approved_idx_and_more	2025-08-26 08:01:01.276566+00
58	orders	0004_remove_order_orders_user_recent_idx_and_more	2025-08-26 08:01:01.64854+00
59	products	0006_remove_product_prod_vendor_active_idx_and_more	2025-08-26 08:01:01.711155+00
60	wallets	0007_auto_20250826_0856	2025-08-26 08:57:32.269006+00
\.


--
-- Data for Name: django_session; Type: TABLE DATA; Schema: public; Owner: marketplace_user
--

COPY public.django_session (session_key, session_data, expire_date) FROM stdin;
\.


--
-- Data for Name: django_site; Type: TABLE DATA; Schema: public; Owner: marketplace_user
--

COPY public.django_site (id, domain, name) FROM stdin;
1	example.com	example.com
\.


--
-- Data for Name: messaging_message; Type: TABLE DATA; Schema: public; Owner: marketplace_user
--

COPY public.messaging_message (created_at, updated_at, is_active, id, subject, content, is_read, pgp_signature, expires_at, recipient_id, sender_id) FROM stdin;
\.


--
-- Data for Name: messaging_messagethread; Type: TABLE DATA; Schema: public; Owner: marketplace_user
--

COPY public.messaging_messagethread (created_at, updated_at, is_active, id, subject, last_message_id) FROM stdin;
\.


--
-- Data for Name: messaging_messagethread_participants; Type: TABLE DATA; Schema: public; Owner: marketplace_user
--

COPY public.messaging_messagethread_participants (id, messagethread_id, user_id) FROM stdin;
\.


--
-- Data for Name: orders_cart; Type: TABLE DATA; Schema: public; Owner: marketplace_user
--

COPY public.orders_cart (id, created_at, updated_at, is_active, user_id) FROM stdin;
\.


--
-- Data for Name: orders_cartitem; Type: TABLE DATA; Schema: public; Owner: marketplace_user
--

COPY public.orders_cartitem (id, created_at, updated_at, is_active, quantity, cart_id, product_id) FROM stdin;
\.


--
-- Data for Name: orders_order; Type: TABLE DATA; Schema: public; Owner: marketplace_user
--

COPY public.orders_order (created_at, updated_at, is_active, id, status, total_btc, total_xmr, escrow_address, shipping_address, user_id, buyer_wallet_id, auto_finalize_at, completed_at, currency_used, escrow_released, locked_at, quantity, refunded_at, shipped_at, vendor_id) FROM stdin;
\.


--
-- Data for Name: orders_orderitem; Type: TABLE DATA; Schema: public; Owner: marketplace_user
--

COPY public.orders_orderitem (id, created_at, updated_at, is_active, quantity, price_btc, price_xmr, order_id, product_id) FROM stdin;
\.


--
-- Data for Name: products_category; Type: TABLE DATA; Schema: public; Owner: marketplace_user
--

COPY public.products_category (id, created_at, updated_at, is_active, name, description) FROM stdin;
\.


--
-- Data for Name: products_product; Type: TABLE DATA; Schema: public; Owner: marketplace_user
--

COPY public.products_product (created_at, updated_at, is_active, id, name, description, product_type, price_btc, price_xmr, stock_quantity, is_available, steganography_data, category_id, vendor_id, image_filename, thumbnail_filename) FROM stdin;
\.


--
-- Data for Name: products_productimage; Type: TABLE DATA; Schema: public; Owner: marketplace_user
--

COPY public.products_productimage (id, created_at, updated_at, is_active, image, alt_text, is_primary, product_id) FROM stdin;
\.


--
-- Data for Name: security_botdetectionlog; Type: TABLE DATA; Schema: public; Owner: marketplace_user
--

COPY public.security_botdetectionlog (id, session_key, detection_method, user_agent, confidence_score, details, blocked, challenge_issued, detected_at) FROM stdin;
\.


--
-- Data for Name: security_captchaattempt; Type: TABLE DATA; Schema: public; Owner: marketplace_user
--

COPY public.security_captchaattempt (id, session_key, challenge_type, challenge_data, user_answer, correct_answer, success, attempts_count, time_taken, created_at, completed_at) FROM stdin;
\.


--
-- Data for Name: security_ratelimitlog; Type: TABLE DATA; Schema: public; Owner: marketplace_user
--

COPY public.security_ratelimitlog (id, session_key, limit_type, attempts_count, limit_threshold, time_window, blocked, cooldown_until, triggered_at) FROM stdin;
\.


--
-- Data for Name: security_securityauditlog; Type: TABLE DATA; Schema: public; Owner: marketplace_user
--

COPY public.security_securityauditlog (id, category, action, target_model, target_id, details, session_key, user_agent, risk_level, "timestamp", user_id) FROM stdin;
\.


--
-- Data for Name: security_securityevent; Type: TABLE DATA; Schema: public; Owner: marketplace_user
--

COPY public.security_securityevent (id, event_type, user_agent, session_key, details, risk_score, resolved, resolution_notes, created_at, resolved_at, resolved_by_id, user_id) FROM stdin;
\.


--
-- Data for Name: security_sessionsecurity; Type: TABLE DATA; Schema: public; Owner: marketplace_user
--

COPY public.security_sessionsecurity (id, session_key, risk_score, bot_probability, first_seen, last_activity, page_views, avg_page_time, form_submissions, failed_attempts, is_suspicious, is_blocked, requires_verification, user_id) FROM stdin;
\.


--
-- Data for Name: support_feedback; Type: TABLE DATA; Schema: public; Owner: marketplace_user
--

COPY public.support_feedback (id, created_at, updated_at, is_active, feedback_type, content, ring_signature, user_id) FROM stdin;
\.


--
-- Data for Name: support_supportticket; Type: TABLE DATA; Schema: public; Owner: marketplace_user
--

COPY public.support_supportticket (created_at, updated_at, is_active, id, subject, description, status, priority, assigned_to_id, user_id) FROM stdin;
\.


--
-- Data for Name: vendors_feedback; Type: TABLE DATA; Schema: public; Owner: marketplace_user
--

COPY public.vendors_feedback (created_at, updated_at, is_active, id, rating, comment, vendor_response, response_date, is_public, customer_id, vendor_id) FROM stdin;
\.


--
-- Data for Name: vendors_promotion; Type: TABLE DATA; Schema: public; Owner: marketplace_user
--

COPY public.vendors_promotion (created_at, updated_at, id, title, description, discount_percentage, code, start_date, end_date, max_uses, current_uses, is_active, vendor_id) FROM stdin;
\.


--
-- Data for Name: vendors_subvendor; Type: TABLE DATA; Schema: public; Owner: marketplace_user
--

COPY public.vendors_subvendor (created_at, updated_at, id, can_view_orders, can_respond_messages, can_update_tracking, can_process_refunds, daily_message_limit, messages_sent_today, last_message_reset, is_active, last_login, deactivated_at, created_by_id, main_vendor_id, user_id) FROM stdin;
\.


--
-- Data for Name: vendors_subvendoractivitylog; Type: TABLE DATA; Schema: public; Owner: marketplace_user
--

COPY public.vendors_subvendoractivitylog (created_at, updated_at, is_active, id, action, details, ip_address, sub_vendor_id) FROM stdin;
\.


--
-- Data for Name: vendors_vendor; Type: TABLE DATA; Schema: public; Owner: marketplace_user
--

COPY public.vendors_vendor (created_at, updated_at, is_active, id, vendor_name, description, trust_level, total_sales, rating, is_approved, user_id, low_stock_threshold, response_time, vacation_ends, vacation_message, vacation_mode, vacation_started, bond_amount, bond_currency, bond_paid, bond_transaction_id, pgp_key, average_rating, completed_orders, disputed_orders, profile_header, shipping_info, terms_conditions, total_orders, total_reviews, trust_score) FROM stdin;
\.


--
-- Data for Name: vendors_vendornotification; Type: TABLE DATA; Schema: public; Owner: marketplace_user
--

COPY public.vendors_vendornotification (created_at, updated_at, is_active, id, title, message, notification_type, is_read, read_at, vendor_id) FROM stdin;
\.


--
-- Data for Name: vendors_vendorrating; Type: TABLE DATA; Schema: public; Owner: marketplace_user
--

COPY public.vendors_vendorrating (id, created_at, updated_at, is_active, rating, comment, user_id, vendor_id) FROM stdin;
\.


--
-- Data for Name: wallets_transaction; Type: TABLE DATA; Schema: public; Owner: marketplace_user
--

COPY public.wallets_transaction (created_at, updated_at, is_active, id, transaction_type, amount, txid, confirmations, status, wallet_id) FROM stdin;
\.


--
-- Data for Name: wallets_wallet; Type: TABLE DATA; Schema: public; Owner: marketplace_user
--

COPY public.wallets_wallet (created_at, updated_at, is_active, id, currency, address, private_key, balance, user_id, balance_btc, balance_xmr, escrow_btc, escrow_xmr, withdrawal_pin, two_fa_enabled, two_fa_secret, daily_withdrawal_limit_btc, daily_withdrawal_limit_xmr, last_activity) FROM stdin;
\.


--
-- Name: accounts_loginhistory_id_seq; Type: SEQUENCE SET; Schema: public; Owner: marketplace_user
--

SELECT pg_catalog.setval('public.accounts_loginhistory_id_seq', 3, true);


--
-- Name: accounts_user_groups_id_seq; Type: SEQUENCE SET; Schema: public; Owner: marketplace_user
--

SELECT pg_catalog.setval('public.accounts_user_groups_id_seq', 1, false);


--
-- Name: accounts_user_user_permissions_id_seq; Type: SEQUENCE SET; Schema: public; Owner: marketplace_user
--

SELECT pg_catalog.setval('public.accounts_user_user_permissions_id_seq', 1, false);


--
-- Name: accounts_usersession_id_seq; Type: SEQUENCE SET; Schema: public; Owner: marketplace_user
--

SELECT pg_catalog.setval('public.accounts_usersession_id_seq', 1, false);


--
-- Name: adminpanel_adminaction_id_seq; Type: SEQUENCE SET; Schema: public; Owner: marketplace_user
--

SELECT pg_catalog.setval('public.adminpanel_adminaction_id_seq', 1, false);


--
-- Name: adminpanel_adminprofile_id_seq; Type: SEQUENCE SET; Schema: public; Owner: marketplace_user
--

SELECT pg_catalog.setval('public.adminpanel_adminprofile_id_seq', 1, false);


--
-- Name: adminpanel_securityalert_id_seq; Type: SEQUENCE SET; Schema: public; Owner: marketplace_user
--

SELECT pg_catalog.setval('public.adminpanel_securityalert_id_seq', 1, false);


--
-- Name: adminpanel_systemsettings_id_seq; Type: SEQUENCE SET; Schema: public; Owner: marketplace_user
--

SELECT pg_catalog.setval('public.adminpanel_systemsettings_id_seq', 1, false);


--
-- Name: auth_group_id_seq; Type: SEQUENCE SET; Schema: public; Owner: marketplace_user
--

SELECT pg_catalog.setval('public.auth_group_id_seq', 1, false);


--
-- Name: auth_group_permissions_id_seq; Type: SEQUENCE SET; Schema: public; Owner: marketplace_user
--

SELECT pg_catalog.setval('public.auth_group_permissions_id_seq', 1, false);


--
-- Name: auth_permission_id_seq; Type: SEQUENCE SET; Schema: public; Owner: marketplace_user
--

SELECT pg_catalog.setval('public.auth_permission_id_seq', 228, true);


--
-- Name: core_broadcastmessage_id_seq; Type: SEQUENCE SET; Schema: public; Owner: marketplace_user
--

SELECT pg_catalog.setval('public.core_broadcastmessage_id_seq', 1, false);


--
-- Name: core_disputearbitration_id_seq; Type: SEQUENCE SET; Schema: public; Owner: marketplace_user
--

SELECT pg_catalog.setval('public.core_disputearbitration_id_seq', 1, false);


--
-- Name: core_loyaltypoints_id_seq; Type: SEQUENCE SET; Schema: public; Owner: marketplace_user
--

SELECT pg_catalog.setval('public.core_loyaltypoints_id_seq', 1, false);


--
-- Name: core_loyaltytransaction_id_seq; Type: SEQUENCE SET; Schema: public; Owner: marketplace_user
--

SELECT pg_catalog.setval('public.core_loyaltytransaction_id_seq', 1, false);


--
-- Name: core_priceprediction_id_seq; Type: SEQUENCE SET; Schema: public; Owner: marketplace_user
--

SELECT pg_catalog.setval('public.core_priceprediction_id_seq', 1, false);


--
-- Name: core_productrecommendation_id_seq; Type: SEQUENCE SET; Schema: public; Owner: marketplace_user
--

SELECT pg_catalog.setval('public.core_productrecommendation_id_seq', 1, false);


--
-- Name: core_searchquery_id_seq; Type: SEQUENCE SET; Schema: public; Owner: marketplace_user
--

SELECT pg_catalog.setval('public.core_searchquery_id_seq', 1, false);


--
-- Name: core_securitylog_id_seq; Type: SEQUENCE SET; Schema: public; Owner: marketplace_user
--

SELECT pg_catalog.setval('public.core_securitylog_id_seq', 1, false);


--
-- Name: core_systemsettings_id_seq; Type: SEQUENCE SET; Schema: public; Owner: marketplace_user
--

SELECT pg_catalog.setval('public.core_systemsettings_id_seq', 1, false);


--
-- Name: core_userpreferenceprofile_id_seq; Type: SEQUENCE SET; Schema: public; Owner: marketplace_user
--

SELECT pg_catalog.setval('public.core_userpreferenceprofile_id_seq', 1, false);


--
-- Name: core_vendoranalytics_id_seq; Type: SEQUENCE SET; Schema: public; Owner: marketplace_user
--

SELECT pg_catalog.setval('public.core_vendoranalytics_id_seq', 1, false);


--
-- Name: disputes_disputeevidence_id_seq; Type: SEQUENCE SET; Schema: public; Owner: marketplace_user
--

SELECT pg_catalog.setval('public.disputes_disputeevidence_id_seq', 1, false);


--
-- Name: django_admin_log_id_seq; Type: SEQUENCE SET; Schema: public; Owner: marketplace_user
--

SELECT pg_catalog.setval('public.django_admin_log_id_seq', 1, false);


--
-- Name: django_content_type_id_seq; Type: SEQUENCE SET; Schema: public; Owner: marketplace_user
--

SELECT pg_catalog.setval('public.django_content_type_id_seq', 57, true);


--
-- Name: django_migrations_id_seq; Type: SEQUENCE SET; Schema: public; Owner: marketplace_user
--

SELECT pg_catalog.setval('public.django_migrations_id_seq', 60, true);


--
-- Name: django_site_id_seq; Type: SEQUENCE SET; Schema: public; Owner: marketplace_user
--

SELECT pg_catalog.setval('public.django_site_id_seq', 1, true);


--
-- Name: messaging_messagethread_participants_id_seq; Type: SEQUENCE SET; Schema: public; Owner: marketplace_user
--

SELECT pg_catalog.setval('public.messaging_messagethread_participants_id_seq', 1, false);


--
-- Name: orders_cart_id_seq; Type: SEQUENCE SET; Schema: public; Owner: marketplace_user
--

SELECT pg_catalog.setval('public.orders_cart_id_seq', 1, false);


--
-- Name: orders_cartitem_id_seq; Type: SEQUENCE SET; Schema: public; Owner: marketplace_user
--

SELECT pg_catalog.setval('public.orders_cartitem_id_seq', 1, false);


--
-- Name: orders_orderitem_id_seq; Type: SEQUENCE SET; Schema: public; Owner: marketplace_user
--

SELECT pg_catalog.setval('public.orders_orderitem_id_seq', 1, false);


--
-- Name: products_category_id_seq; Type: SEQUENCE SET; Schema: public; Owner: marketplace_user
--

SELECT pg_catalog.setval('public.products_category_id_seq', 1, false);


--
-- Name: products_productimage_id_seq; Type: SEQUENCE SET; Schema: public; Owner: marketplace_user
--

SELECT pg_catalog.setval('public.products_productimage_id_seq', 1, false);


--
-- Name: security_botdetectionlog_id_seq; Type: SEQUENCE SET; Schema: public; Owner: marketplace_user
--

SELECT pg_catalog.setval('public.security_botdetectionlog_id_seq', 1, false);


--
-- Name: security_captchaattempt_id_seq; Type: SEQUENCE SET; Schema: public; Owner: marketplace_user
--

SELECT pg_catalog.setval('public.security_captchaattempt_id_seq', 1, false);


--
-- Name: security_ratelimitlog_id_seq; Type: SEQUENCE SET; Schema: public; Owner: marketplace_user
--

SELECT pg_catalog.setval('public.security_ratelimitlog_id_seq', 1, false);


--
-- Name: security_securityauditlog_id_seq; Type: SEQUENCE SET; Schema: public; Owner: marketplace_user
--

SELECT pg_catalog.setval('public.security_securityauditlog_id_seq', 1, false);


--
-- Name: security_securityevent_id_seq; Type: SEQUENCE SET; Schema: public; Owner: marketplace_user
--

SELECT pg_catalog.setval('public.security_securityevent_id_seq', 1, false);


--
-- Name: security_sessionsecurity_id_seq; Type: SEQUENCE SET; Schema: public; Owner: marketplace_user
--

SELECT pg_catalog.setval('public.security_sessionsecurity_id_seq', 1, false);


--
-- Name: support_feedback_id_seq; Type: SEQUENCE SET; Schema: public; Owner: marketplace_user
--

SELECT pg_catalog.setval('public.support_feedback_id_seq', 1, false);


--
-- Name: vendors_vendorrating_id_seq; Type: SEQUENCE SET; Schema: public; Owner: marketplace_user
--

SELECT pg_catalog.setval('public.vendors_vendorrating_id_seq', 1, false);


--
-- Name: accounts_loginhistory accounts_loginhistory_pkey; Type: CONSTRAINT; Schema: public; Owner: marketplace_user
--

ALTER TABLE ONLY public.accounts_loginhistory
    ADD CONSTRAINT accounts_loginhistory_pkey PRIMARY KEY (id);


--
-- Name: accounts_user_groups accounts_user_groups_pkey; Type: CONSTRAINT; Schema: public; Owner: marketplace_user
--

ALTER TABLE ONLY public.accounts_user_groups
    ADD CONSTRAINT accounts_user_groups_pkey PRIMARY KEY (id);


--
-- Name: accounts_user_groups accounts_user_groups_user_id_group_id_59c0b32f_uniq; Type: CONSTRAINT; Schema: public; Owner: marketplace_user
--

ALTER TABLE ONLY public.accounts_user_groups
    ADD CONSTRAINT accounts_user_groups_user_id_group_id_59c0b32f_uniq UNIQUE (user_id, group_id);


--
-- Name: accounts_user accounts_user_pkey; Type: CONSTRAINT; Schema: public; Owner: marketplace_user
--

ALTER TABLE ONLY public.accounts_user
    ADD CONSTRAINT accounts_user_pkey PRIMARY KEY (id);


--
-- Name: accounts_user_user_permissions accounts_user_user_permi_user_id_permission_id_2ab516c2_uniq; Type: CONSTRAINT; Schema: public; Owner: marketplace_user
--

ALTER TABLE ONLY public.accounts_user_user_permissions
    ADD CONSTRAINT accounts_user_user_permi_user_id_permission_id_2ab516c2_uniq UNIQUE (user_id, permission_id);


--
-- Name: accounts_user_user_permissions accounts_user_user_permissions_pkey; Type: CONSTRAINT; Schema: public; Owner: marketplace_user
--

ALTER TABLE ONLY public.accounts_user_user_permissions
    ADD CONSTRAINT accounts_user_user_permissions_pkey PRIMARY KEY (id);


--
-- Name: accounts_user accounts_user_username_key; Type: CONSTRAINT; Schema: public; Owner: marketplace_user
--

ALTER TABLE ONLY public.accounts_user
    ADD CONSTRAINT accounts_user_username_key UNIQUE (username);


--
-- Name: accounts_usersession accounts_usersession_pkey; Type: CONSTRAINT; Schema: public; Owner: marketplace_user
--

ALTER TABLE ONLY public.accounts_usersession
    ADD CONSTRAINT accounts_usersession_pkey PRIMARY KEY (id);


--
-- Name: accounts_usersession accounts_usersession_session_key_key; Type: CONSTRAINT; Schema: public; Owner: marketplace_user
--

ALTER TABLE ONLY public.accounts_usersession
    ADD CONSTRAINT accounts_usersession_session_key_key UNIQUE (session_key);


--
-- Name: adminpanel_adminaction adminpanel_adminaction_pkey; Type: CONSTRAINT; Schema: public; Owner: marketplace_user
--

ALTER TABLE ONLY public.adminpanel_adminaction
    ADD CONSTRAINT adminpanel_adminaction_pkey PRIMARY KEY (id);


--
-- Name: adminpanel_adminlog adminpanel_adminlog_pkey; Type: CONSTRAINT; Schema: public; Owner: marketplace_user
--

ALTER TABLE ONLY public.adminpanel_adminlog
    ADD CONSTRAINT adminpanel_adminlog_pkey PRIMARY KEY (id);


--
-- Name: adminpanel_adminprofile adminpanel_adminprofile_pkey; Type: CONSTRAINT; Schema: public; Owner: marketplace_user
--

ALTER TABLE ONLY public.adminpanel_adminprofile
    ADD CONSTRAINT adminpanel_adminprofile_pkey PRIMARY KEY (id);


--
-- Name: adminpanel_adminprofile adminpanel_adminprofile_user_id_key; Type: CONSTRAINT; Schema: public; Owner: marketplace_user
--

ALTER TABLE ONLY public.adminpanel_adminprofile
    ADD CONSTRAINT adminpanel_adminprofile_user_id_key UNIQUE (user_id);


--
-- Name: adminpanel_securityalert adminpanel_securityalert_pkey; Type: CONSTRAINT; Schema: public; Owner: marketplace_user
--

ALTER TABLE ONLY public.adminpanel_securityalert
    ADD CONSTRAINT adminpanel_securityalert_pkey PRIMARY KEY (id);


--
-- Name: adminpanel_systemsettings adminpanel_systemsettings_key_key; Type: CONSTRAINT; Schema: public; Owner: marketplace_user
--

ALTER TABLE ONLY public.adminpanel_systemsettings
    ADD CONSTRAINT adminpanel_systemsettings_key_key UNIQUE (key);


--
-- Name: adminpanel_systemsettings adminpanel_systemsettings_pkey; Type: CONSTRAINT; Schema: public; Owner: marketplace_user
--

ALTER TABLE ONLY public.adminpanel_systemsettings
    ADD CONSTRAINT adminpanel_systemsettings_pkey PRIMARY KEY (id);


--
-- Name: auth_group auth_group_name_key; Type: CONSTRAINT; Schema: public; Owner: marketplace_user
--

ALTER TABLE ONLY public.auth_group
    ADD CONSTRAINT auth_group_name_key UNIQUE (name);


--
-- Name: auth_group_permissions auth_group_permissions_group_id_permission_id_0cd325b0_uniq; Type: CONSTRAINT; Schema: public; Owner: marketplace_user
--

ALTER TABLE ONLY public.auth_group_permissions
    ADD CONSTRAINT auth_group_permissions_group_id_permission_id_0cd325b0_uniq UNIQUE (group_id, permission_id);


--
-- Name: auth_group_permissions auth_group_permissions_pkey; Type: CONSTRAINT; Schema: public; Owner: marketplace_user
--

ALTER TABLE ONLY public.auth_group_permissions
    ADD CONSTRAINT auth_group_permissions_pkey PRIMARY KEY (id);


--
-- Name: auth_group auth_group_pkey; Type: CONSTRAINT; Schema: public; Owner: marketplace_user
--

ALTER TABLE ONLY public.auth_group
    ADD CONSTRAINT auth_group_pkey PRIMARY KEY (id);


--
-- Name: auth_permission auth_permission_content_type_id_codename_01ab375a_uniq; Type: CONSTRAINT; Schema: public; Owner: marketplace_user
--

ALTER TABLE ONLY public.auth_permission
    ADD CONSTRAINT auth_permission_content_type_id_codename_01ab375a_uniq UNIQUE (content_type_id, codename);


--
-- Name: auth_permission auth_permission_pkey; Type: CONSTRAINT; Schema: public; Owner: marketplace_user
--

ALTER TABLE ONLY public.auth_permission
    ADD CONSTRAINT auth_permission_pkey PRIMARY KEY (id);


--
-- Name: core_broadcastmessage core_broadcastmessage_pkey; Type: CONSTRAINT; Schema: public; Owner: marketplace_user
--

ALTER TABLE ONLY public.core_broadcastmessage
    ADD CONSTRAINT core_broadcastmessage_pkey PRIMARY KEY (id);


--
-- Name: core_disputearbitration core_disputearbitration_pkey; Type: CONSTRAINT; Schema: public; Owner: marketplace_user
--

ALTER TABLE ONLY public.core_disputearbitration
    ADD CONSTRAINT core_disputearbitration_pkey PRIMARY KEY (id);


--
-- Name: core_loyaltypoints core_loyaltypoints_pkey; Type: CONSTRAINT; Schema: public; Owner: marketplace_user
--

ALTER TABLE ONLY public.core_loyaltypoints
    ADD CONSTRAINT core_loyaltypoints_pkey PRIMARY KEY (id);


--
-- Name: core_loyaltypoints core_loyaltypoints_user_id_1b79d78e_uniq; Type: CONSTRAINT; Schema: public; Owner: marketplace_user
--

ALTER TABLE ONLY public.core_loyaltypoints
    ADD CONSTRAINT core_loyaltypoints_user_id_1b79d78e_uniq UNIQUE (user_id);


--
-- Name: core_loyaltytransaction core_loyaltytransaction_pkey; Type: CONSTRAINT; Schema: public; Owner: marketplace_user
--

ALTER TABLE ONLY public.core_loyaltytransaction
    ADD CONSTRAINT core_loyaltytransaction_pkey PRIMARY KEY (id);


--
-- Name: core_priceprediction core_priceprediction_pkey; Type: CONSTRAINT; Schema: public; Owner: marketplace_user
--

ALTER TABLE ONLY public.core_priceprediction
    ADD CONSTRAINT core_priceprediction_pkey PRIMARY KEY (id);


--
-- Name: core_priceprediction core_priceprediction_product_id_prediction_ty_2bc6d32d_uniq; Type: CONSTRAINT; Schema: public; Owner: marketplace_user
--

ALTER TABLE ONLY public.core_priceprediction
    ADD CONSTRAINT core_priceprediction_product_id_prediction_ty_2bc6d32d_uniq UNIQUE (product_id, prediction_type, predicted_at);


--
-- Name: core_productrecommendation core_productrecommendati_user_id_product_id_recom_cca1bcf4_uniq; Type: CONSTRAINT; Schema: public; Owner: marketplace_user
--

ALTER TABLE ONLY public.core_productrecommendation
    ADD CONSTRAINT core_productrecommendati_user_id_product_id_recom_cca1bcf4_uniq UNIQUE (user_id, product_id, recommendation_type);


--
-- Name: core_productrecommendation core_productrecommendation_pkey; Type: CONSTRAINT; Schema: public; Owner: marketplace_user
--

ALTER TABLE ONLY public.core_productrecommendation
    ADD CONSTRAINT core_productrecommendation_pkey PRIMARY KEY (id);


--
-- Name: core_searchquery core_searchquery_pkey; Type: CONSTRAINT; Schema: public; Owner: marketplace_user
--

ALTER TABLE ONLY public.core_searchquery
    ADD CONSTRAINT core_searchquery_pkey PRIMARY KEY (id);


--
-- Name: core_securitylog core_securitylog_pkey; Type: CONSTRAINT; Schema: public; Owner: marketplace_user
--

ALTER TABLE ONLY public.core_securitylog
    ADD CONSTRAINT core_securitylog_pkey PRIMARY KEY (id);


--
-- Name: core_systemsettings core_systemsettings_key_key; Type: CONSTRAINT; Schema: public; Owner: marketplace_user
--

ALTER TABLE ONLY public.core_systemsettings
    ADD CONSTRAINT core_systemsettings_key_key UNIQUE (key);


--
-- Name: core_systemsettings core_systemsettings_pkey; Type: CONSTRAINT; Schema: public; Owner: marketplace_user
--

ALTER TABLE ONLY public.core_systemsettings
    ADD CONSTRAINT core_systemsettings_pkey PRIMARY KEY (id);


--
-- Name: core_userpreferenceprofile core_userpreferenceprofile_pkey; Type: CONSTRAINT; Schema: public; Owner: marketplace_user
--

ALTER TABLE ONLY public.core_userpreferenceprofile
    ADD CONSTRAINT core_userpreferenceprofile_pkey PRIMARY KEY (id);


--
-- Name: core_userpreferenceprofile core_userpreferenceprofile_user_id_key; Type: CONSTRAINT; Schema: public; Owner: marketplace_user
--

ALTER TABLE ONLY public.core_userpreferenceprofile
    ADD CONSTRAINT core_userpreferenceprofile_user_id_key UNIQUE (user_id);


--
-- Name: core_vendoranalytics core_vendoranalytics_pkey; Type: CONSTRAINT; Schema: public; Owner: marketplace_user
--

ALTER TABLE ONLY public.core_vendoranalytics
    ADD CONSTRAINT core_vendoranalytics_pkey PRIMARY KEY (id);


--
-- Name: core_vendoranalytics core_vendoranalytics_vendor_id_data_type_peri_55b5a2e1_uniq; Type: CONSTRAINT; Schema: public; Owner: marketplace_user
--

ALTER TABLE ONLY public.core_vendoranalytics
    ADD CONSTRAINT core_vendoranalytics_vendor_id_data_type_peri_55b5a2e1_uniq UNIQUE (vendor_id, data_type, period_start, period_end);


--
-- Name: disputes_dispute disputes_dispute_order_id_key; Type: CONSTRAINT; Schema: public; Owner: marketplace_user
--

ALTER TABLE ONLY public.disputes_dispute
    ADD CONSTRAINT disputes_dispute_order_id_key UNIQUE (order_id);


--
-- Name: disputes_dispute disputes_dispute_pkey; Type: CONSTRAINT; Schema: public; Owner: marketplace_user
--

ALTER TABLE ONLY public.disputes_dispute
    ADD CONSTRAINT disputes_dispute_pkey PRIMARY KEY (id);


--
-- Name: disputes_disputeevidence disputes_disputeevidence_pkey; Type: CONSTRAINT; Schema: public; Owner: marketplace_user
--

ALTER TABLE ONLY public.disputes_disputeevidence
    ADD CONSTRAINT disputes_disputeevidence_pkey PRIMARY KEY (id);


--
-- Name: django_admin_log django_admin_log_pkey; Type: CONSTRAINT; Schema: public; Owner: marketplace_user
--

ALTER TABLE ONLY public.django_admin_log
    ADD CONSTRAINT django_admin_log_pkey PRIMARY KEY (id);


--
-- Name: django_content_type django_content_type_app_label_model_76bd3d3b_uniq; Type: CONSTRAINT; Schema: public; Owner: marketplace_user
--

ALTER TABLE ONLY public.django_content_type
    ADD CONSTRAINT django_content_type_app_label_model_76bd3d3b_uniq UNIQUE (app_label, model);


--
-- Name: django_content_type django_content_type_pkey; Type: CONSTRAINT; Schema: public; Owner: marketplace_user
--

ALTER TABLE ONLY public.django_content_type
    ADD CONSTRAINT django_content_type_pkey PRIMARY KEY (id);


--
-- Name: django_migrations django_migrations_pkey; Type: CONSTRAINT; Schema: public; Owner: marketplace_user
--

ALTER TABLE ONLY public.django_migrations
    ADD CONSTRAINT django_migrations_pkey PRIMARY KEY (id);


--
-- Name: django_session django_session_pkey; Type: CONSTRAINT; Schema: public; Owner: marketplace_user
--

ALTER TABLE ONLY public.django_session
    ADD CONSTRAINT django_session_pkey PRIMARY KEY (session_key);


--
-- Name: django_site django_site_domain_a2e37b91_uniq; Type: CONSTRAINT; Schema: public; Owner: marketplace_user
--

ALTER TABLE ONLY public.django_site
    ADD CONSTRAINT django_site_domain_a2e37b91_uniq UNIQUE (domain);


--
-- Name: django_site django_site_pkey; Type: CONSTRAINT; Schema: public; Owner: marketplace_user
--

ALTER TABLE ONLY public.django_site
    ADD CONSTRAINT django_site_pkey PRIMARY KEY (id);


--
-- Name: messaging_message messaging_message_pkey; Type: CONSTRAINT; Schema: public; Owner: marketplace_user
--

ALTER TABLE ONLY public.messaging_message
    ADD CONSTRAINT messaging_message_pkey PRIMARY KEY (id);


--
-- Name: messaging_messagethread_participants messaging_messagethread__messagethread_id_user_id_1c3e8bc4_uniq; Type: CONSTRAINT; Schema: public; Owner: marketplace_user
--

ALTER TABLE ONLY public.messaging_messagethread_participants
    ADD CONSTRAINT messaging_messagethread__messagethread_id_user_id_1c3e8bc4_uniq UNIQUE (messagethread_id, user_id);


--
-- Name: messaging_messagethread_participants messaging_messagethread_participants_pkey; Type: CONSTRAINT; Schema: public; Owner: marketplace_user
--

ALTER TABLE ONLY public.messaging_messagethread_participants
    ADD CONSTRAINT messaging_messagethread_participants_pkey PRIMARY KEY (id);


--
-- Name: messaging_messagethread messaging_messagethread_pkey; Type: CONSTRAINT; Schema: public; Owner: marketplace_user
--

ALTER TABLE ONLY public.messaging_messagethread
    ADD CONSTRAINT messaging_messagethread_pkey PRIMARY KEY (id);


--
-- Name: orders_cart orders_cart_pkey; Type: CONSTRAINT; Schema: public; Owner: marketplace_user
--

ALTER TABLE ONLY public.orders_cart
    ADD CONSTRAINT orders_cart_pkey PRIMARY KEY (id);


--
-- Name: orders_cart orders_cart_user_id_key; Type: CONSTRAINT; Schema: public; Owner: marketplace_user
--

ALTER TABLE ONLY public.orders_cart
    ADD CONSTRAINT orders_cart_user_id_key UNIQUE (user_id);


--
-- Name: orders_cartitem orders_cartitem_cart_id_product_id_d5dcad45_uniq; Type: CONSTRAINT; Schema: public; Owner: marketplace_user
--

ALTER TABLE ONLY public.orders_cartitem
    ADD CONSTRAINT orders_cartitem_cart_id_product_id_d5dcad45_uniq UNIQUE (cart_id, product_id);


--
-- Name: orders_cartitem orders_cartitem_pkey; Type: CONSTRAINT; Schema: public; Owner: marketplace_user
--

ALTER TABLE ONLY public.orders_cartitem
    ADD CONSTRAINT orders_cartitem_pkey PRIMARY KEY (id);


--
-- Name: orders_order orders_order_pkey; Type: CONSTRAINT; Schema: public; Owner: marketplace_user
--

ALTER TABLE ONLY public.orders_order
    ADD CONSTRAINT orders_order_pkey PRIMARY KEY (id);


--
-- Name: orders_orderitem orders_orderitem_pkey; Type: CONSTRAINT; Schema: public; Owner: marketplace_user
--

ALTER TABLE ONLY public.orders_orderitem
    ADD CONSTRAINT orders_orderitem_pkey PRIMARY KEY (id);


--
-- Name: products_category products_category_name_key; Type: CONSTRAINT; Schema: public; Owner: marketplace_user
--

ALTER TABLE ONLY public.products_category
    ADD CONSTRAINT products_category_name_key UNIQUE (name);


--
-- Name: products_category products_category_pkey; Type: CONSTRAINT; Schema: public; Owner: marketplace_user
--

ALTER TABLE ONLY public.products_category
    ADD CONSTRAINT products_category_pkey PRIMARY KEY (id);


--
-- Name: products_product products_product_pkey; Type: CONSTRAINT; Schema: public; Owner: marketplace_user
--

ALTER TABLE ONLY public.products_product
    ADD CONSTRAINT products_product_pkey PRIMARY KEY (id);


--
-- Name: products_productimage products_productimage_pkey; Type: CONSTRAINT; Schema: public; Owner: marketplace_user
--

ALTER TABLE ONLY public.products_productimage
    ADD CONSTRAINT products_productimage_pkey PRIMARY KEY (id);


--
-- Name: security_botdetectionlog security_botdetectionlog_pkey; Type: CONSTRAINT; Schema: public; Owner: marketplace_user
--

ALTER TABLE ONLY public.security_botdetectionlog
    ADD CONSTRAINT security_botdetectionlog_pkey PRIMARY KEY (id);


--
-- Name: security_captchaattempt security_captchaattempt_pkey; Type: CONSTRAINT; Schema: public; Owner: marketplace_user
--

ALTER TABLE ONLY public.security_captchaattempt
    ADD CONSTRAINT security_captchaattempt_pkey PRIMARY KEY (id);


--
-- Name: security_ratelimitlog security_ratelimitlog_pkey; Type: CONSTRAINT; Schema: public; Owner: marketplace_user
--

ALTER TABLE ONLY public.security_ratelimitlog
    ADD CONSTRAINT security_ratelimitlog_pkey PRIMARY KEY (id);


--
-- Name: security_securityauditlog security_securityauditlog_pkey; Type: CONSTRAINT; Schema: public; Owner: marketplace_user
--

ALTER TABLE ONLY public.security_securityauditlog
    ADD CONSTRAINT security_securityauditlog_pkey PRIMARY KEY (id);


--
-- Name: security_securityevent security_securityevent_pkey; Type: CONSTRAINT; Schema: public; Owner: marketplace_user
--

ALTER TABLE ONLY public.security_securityevent
    ADD CONSTRAINT security_securityevent_pkey PRIMARY KEY (id);


--
-- Name: security_sessionsecurity security_sessionsecurity_pkey; Type: CONSTRAINT; Schema: public; Owner: marketplace_user
--

ALTER TABLE ONLY public.security_sessionsecurity
    ADD CONSTRAINT security_sessionsecurity_pkey PRIMARY KEY (id);


--
-- Name: security_sessionsecurity security_sessionsecurity_session_key_key; Type: CONSTRAINT; Schema: public; Owner: marketplace_user
--

ALTER TABLE ONLY public.security_sessionsecurity
    ADD CONSTRAINT security_sessionsecurity_session_key_key UNIQUE (session_key);


--
-- Name: support_feedback support_feedback_pkey; Type: CONSTRAINT; Schema: public; Owner: marketplace_user
--

ALTER TABLE ONLY public.support_feedback
    ADD CONSTRAINT support_feedback_pkey PRIMARY KEY (id);


--
-- Name: support_supportticket support_supportticket_pkey; Type: CONSTRAINT; Schema: public; Owner: marketplace_user
--

ALTER TABLE ONLY public.support_supportticket
    ADD CONSTRAINT support_supportticket_pkey PRIMARY KEY (id);


--
-- Name: vendors_feedback vendors_feedback_pkey; Type: CONSTRAINT; Schema: public; Owner: marketplace_user
--

ALTER TABLE ONLY public.vendors_feedback
    ADD CONSTRAINT vendors_feedback_pkey PRIMARY KEY (id);


--
-- Name: vendors_promotion vendors_promotion_code_key; Type: CONSTRAINT; Schema: public; Owner: marketplace_user
--

ALTER TABLE ONLY public.vendors_promotion
    ADD CONSTRAINT vendors_promotion_code_key UNIQUE (code);


--
-- Name: vendors_promotion vendors_promotion_pkey; Type: CONSTRAINT; Schema: public; Owner: marketplace_user
--

ALTER TABLE ONLY public.vendors_promotion
    ADD CONSTRAINT vendors_promotion_pkey PRIMARY KEY (id);


--
-- Name: vendors_subvendor vendors_subvendor_pkey; Type: CONSTRAINT; Schema: public; Owner: marketplace_user
--

ALTER TABLE ONLY public.vendors_subvendor
    ADD CONSTRAINT vendors_subvendor_pkey PRIMARY KEY (id);


--
-- Name: vendors_subvendor vendors_subvendor_user_id_key; Type: CONSTRAINT; Schema: public; Owner: marketplace_user
--

ALTER TABLE ONLY public.vendors_subvendor
    ADD CONSTRAINT vendors_subvendor_user_id_key UNIQUE (user_id);


--
-- Name: vendors_subvendoractivitylog vendors_subvendoractivitylog_pkey; Type: CONSTRAINT; Schema: public; Owner: marketplace_user
--

ALTER TABLE ONLY public.vendors_subvendoractivitylog
    ADD CONSTRAINT vendors_subvendoractivitylog_pkey PRIMARY KEY (id);


--
-- Name: vendors_vendor vendors_vendor_pkey; Type: CONSTRAINT; Schema: public; Owner: marketplace_user
--

ALTER TABLE ONLY public.vendors_vendor
    ADD CONSTRAINT vendors_vendor_pkey PRIMARY KEY (id);


--
-- Name: vendors_vendor vendors_vendor_user_id_key; Type: CONSTRAINT; Schema: public; Owner: marketplace_user
--

ALTER TABLE ONLY public.vendors_vendor
    ADD CONSTRAINT vendors_vendor_user_id_key UNIQUE (user_id);


--
-- Name: vendors_vendor vendors_vendor_vendor_name_key; Type: CONSTRAINT; Schema: public; Owner: marketplace_user
--

ALTER TABLE ONLY public.vendors_vendor
    ADD CONSTRAINT vendors_vendor_vendor_name_key UNIQUE (vendor_name);


--
-- Name: vendors_vendornotification vendors_vendornotification_pkey; Type: CONSTRAINT; Schema: public; Owner: marketplace_user
--

ALTER TABLE ONLY public.vendors_vendornotification
    ADD CONSTRAINT vendors_vendornotification_pkey PRIMARY KEY (id);


--
-- Name: vendors_vendorrating vendors_vendorrating_pkey; Type: CONSTRAINT; Schema: public; Owner: marketplace_user
--

ALTER TABLE ONLY public.vendors_vendorrating
    ADD CONSTRAINT vendors_vendorrating_pkey PRIMARY KEY (id);


--
-- Name: vendors_vendorrating vendors_vendorrating_vendor_id_user_id_875dcf3e_uniq; Type: CONSTRAINT; Schema: public; Owner: marketplace_user
--

ALTER TABLE ONLY public.vendors_vendorrating
    ADD CONSTRAINT vendors_vendorrating_vendor_id_user_id_875dcf3e_uniq UNIQUE (vendor_id, user_id);


--
-- Name: wallets_transaction wallets_transaction_pkey; Type: CONSTRAINT; Schema: public; Owner: marketplace_user
--

ALTER TABLE ONLY public.wallets_transaction
    ADD CONSTRAINT wallets_transaction_pkey PRIMARY KEY (id);


--
-- Name: wallets_transaction wallets_transaction_txid_key; Type: CONSTRAINT; Schema: public; Owner: marketplace_user
--

ALTER TABLE ONLY public.wallets_transaction
    ADD CONSTRAINT wallets_transaction_txid_key UNIQUE (txid);


--
-- Name: wallets_wallet wallets_wallet_address_key; Type: CONSTRAINT; Schema: public; Owner: marketplace_user
--

ALTER TABLE ONLY public.wallets_wallet
    ADD CONSTRAINT wallets_wallet_address_key UNIQUE (address);


--
-- Name: wallets_wallet wallets_wallet_pkey; Type: CONSTRAINT; Schema: public; Owner: marketplace_user
--

ALTER TABLE ONLY public.wallets_wallet
    ADD CONSTRAINT wallets_wallet_pkey PRIMARY KEY (id);


--
-- Name: wallets_wallet wallets_wallet_user_id_currency_a67054d4_uniq; Type: CONSTRAINT; Schema: public; Owner: marketplace_user
--

ALTER TABLE ONLY public.wallets_wallet
    ADD CONSTRAINT wallets_wallet_user_id_currency_a67054d4_uniq UNIQUE (user_id, currency);


--
-- Name: accounts_loginhistory_user_id_70caa10d; Type: INDEX; Schema: public; Owner: marketplace_user
--

CREATE INDEX accounts_loginhistory_user_id_70caa10d ON public.accounts_loginhistory USING btree (user_id);


--
-- Name: accounts_user_groups_group_id_bd11a704; Type: INDEX; Schema: public; Owner: marketplace_user
--

CREATE INDEX accounts_user_groups_group_id_bd11a704 ON public.accounts_user_groups USING btree (group_id);


--
-- Name: accounts_user_groups_user_id_52b62117; Type: INDEX; Schema: public; Owner: marketplace_user
--

CREATE INDEX accounts_user_groups_user_id_52b62117 ON public.accounts_user_groups USING btree (user_id);


--
-- Name: accounts_user_pgp_fingerprint_50ff4bbb; Type: INDEX; Schema: public; Owner: marketplace_user
--

CREATE INDEX accounts_user_pgp_fingerprint_50ff4bbb ON public.accounts_user USING btree (pgp_fingerprint);


--
-- Name: accounts_user_pgp_fingerprint_50ff4bbb_like; Type: INDEX; Schema: public; Owner: marketplace_user
--

CREATE INDEX accounts_user_pgp_fingerprint_50ff4bbb_like ON public.accounts_user USING btree (pgp_fingerprint varchar_pattern_ops);


--
-- Name: accounts_user_user_permissions_permission_id_113bb443; Type: INDEX; Schema: public; Owner: marketplace_user
--

CREATE INDEX accounts_user_user_permissions_permission_id_113bb443 ON public.accounts_user_user_permissions USING btree (permission_id);


--
-- Name: accounts_user_user_permissions_user_id_e4f0a161; Type: INDEX; Schema: public; Owner: marketplace_user
--

CREATE INDEX accounts_user_user_permissions_user_id_e4f0a161 ON public.accounts_user_user_permissions USING btree (user_id);


--
-- Name: accounts_user_username_6088629e_like; Type: INDEX; Schema: public; Owner: marketplace_user
--

CREATE INDEX accounts_user_username_6088629e_like ON public.accounts_user USING btree (username varchar_pattern_ops);


--
-- Name: accounts_usersession_session_key_7ce13c12_like; Type: INDEX; Schema: public; Owner: marketplace_user
--

CREATE INDEX accounts_usersession_session_key_7ce13c12_like ON public.accounts_usersession USING btree (session_key varchar_pattern_ops);


--
-- Name: accounts_usersession_user_id_567c9519; Type: INDEX; Schema: public; Owner: marketplace_user
--

CREATE INDEX accounts_usersession_user_id_567c9519 ON public.accounts_usersession USING btree (user_id);


--
-- Name: adminpanel__action_801d36_idx; Type: INDEX; Schema: public; Owner: marketplace_user
--

CREATE INDEX adminpanel__action_801d36_idx ON public.adminpanel_adminaction USING btree (action, "timestamp");


--
-- Name: adminpanel__admin_u_af356c_idx; Type: INDEX; Schema: public; Owner: marketplace_user
--

CREATE INDEX adminpanel__admin_u_af356c_idx ON public.adminpanel_adminaction USING btree (admin_user_id, "timestamp");


--
-- Name: adminpanel__alert_t_a80d5a_idx; Type: INDEX; Schema: public; Owner: marketplace_user
--

CREATE INDEX adminpanel__alert_t_a80d5a_idx ON public.adminpanel_securityalert USING btree (alert_type, created_at);


--
-- Name: adminpanel__severit_d995f2_idx; Type: INDEX; Schema: public; Owner: marketplace_user
--

CREATE INDEX adminpanel__severit_d995f2_idx ON public.adminpanel_securityalert USING btree (severity, is_resolved, created_at);


--
-- Name: adminpanel__target__32bc38_idx; Type: INDEX; Schema: public; Owner: marketplace_user
--

CREATE INDEX adminpanel__target__32bc38_idx ON public.adminpanel_adminaction USING btree (target_user_id, "timestamp");


--
-- Name: adminpanel__user_id_92296c_idx; Type: INDEX; Schema: public; Owner: marketplace_user
--

CREATE INDEX adminpanel__user_id_92296c_idx ON public.adminpanel_securityalert USING btree (user_id, created_at);


--
-- Name: adminpanel_adminaction_admin_user_id_d30d61f6; Type: INDEX; Schema: public; Owner: marketplace_user
--

CREATE INDEX adminpanel_adminaction_admin_user_id_d30d61f6 ON public.adminpanel_adminaction USING btree (admin_user_id);


--
-- Name: adminpanel_adminaction_target_user_id_e3e92052; Type: INDEX; Schema: public; Owner: marketplace_user
--

CREATE INDEX adminpanel_adminaction_target_user_id_e3e92052 ON public.adminpanel_adminaction USING btree (target_user_id);


--
-- Name: adminpanel_adminlog_admin_user_id_f9a3c527; Type: INDEX; Schema: public; Owner: marketplace_user
--

CREATE INDEX adminpanel_adminlog_admin_user_id_f9a3c527 ON public.adminpanel_adminlog USING btree (admin_user_id);


--
-- Name: adminpanel_securityalert_resolved_by_id_8ee045c3; Type: INDEX; Schema: public; Owner: marketplace_user
--

CREATE INDEX adminpanel_securityalert_resolved_by_id_8ee045c3 ON public.adminpanel_securityalert USING btree (resolved_by_id);


--
-- Name: adminpanel_securityalert_user_id_383a32b0; Type: INDEX; Schema: public; Owner: marketplace_user
--

CREATE INDEX adminpanel_securityalert_user_id_383a32b0 ON public.adminpanel_securityalert USING btree (user_id);


--
-- Name: adminpanel_systemsettings_key_e6889443_like; Type: INDEX; Schema: public; Owner: marketplace_user
--

CREATE INDEX adminpanel_systemsettings_key_e6889443_like ON public.adminpanel_systemsettings USING btree (key varchar_pattern_ops);


--
-- Name: auth_group_name_a6ea08ec_like; Type: INDEX; Schema: public; Owner: marketplace_user
--

CREATE INDEX auth_group_name_a6ea08ec_like ON public.auth_group USING btree (name varchar_pattern_ops);


--
-- Name: auth_group_permissions_group_id_b120cbf9; Type: INDEX; Schema: public; Owner: marketplace_user
--

CREATE INDEX auth_group_permissions_group_id_b120cbf9 ON public.auth_group_permissions USING btree (group_id);


--
-- Name: auth_group_permissions_permission_id_84c5c92e; Type: INDEX; Schema: public; Owner: marketplace_user
--

CREATE INDEX auth_group_permissions_permission_id_84c5c92e ON public.auth_group_permissions USING btree (permission_id);


--
-- Name: auth_permission_content_type_id_2f476e4b; Type: INDEX; Schema: public; Owner: marketplace_user
--

CREATE INDEX auth_permission_content_type_id_2f476e4b ON public.auth_permission USING btree (content_type_id);


--
-- Name: core_broadcastmessage_created_by_id_68ca881c; Type: INDEX; Schema: public; Owner: marketplace_user
--

CREATE INDEX core_broadcastmessage_created_by_id_68ca881c ON public.core_broadcastmessage USING btree (created_by_id);


--
-- Name: core_disputearbitration_arbitrator_id_76ad0474; Type: INDEX; Schema: public; Owner: marketplace_user
--

CREATE INDEX core_disputearbitration_arbitrator_id_76ad0474 ON public.core_disputearbitration USING btree (arbitrator_id);


--
-- Name: core_disputearbitration_dispute_id_daede1c9; Type: INDEX; Schema: public; Owner: marketplace_user
--

CREATE INDEX core_disputearbitration_dispute_id_daede1c9 ON public.core_disputearbitration USING btree (dispute_id);


--
-- Name: core_loyaltypoints_user_id_1b79d78e; Type: INDEX; Schema: public; Owner: marketplace_user
--

CREATE INDEX core_loyaltypoints_user_id_1b79d78e ON public.core_loyaltypoints USING btree (user_id);


--
-- Name: core_loyaltytransaction_order_id_325a766e; Type: INDEX; Schema: public; Owner: marketplace_user
--

CREATE INDEX core_loyaltytransaction_order_id_325a766e ON public.core_loyaltytransaction USING btree (order_id);


--
-- Name: core_loyaltytransaction_user_id_2f28f9df; Type: INDEX; Schema: public; Owner: marketplace_user
--

CREATE INDEX core_loyaltytransaction_user_id_2f28f9df ON public.core_loyaltytransaction USING btree (user_id);


--
-- Name: core_priceprediction_product_id_b484184c; Type: INDEX; Schema: public; Owner: marketplace_user
--

CREATE INDEX core_priceprediction_product_id_b484184c ON public.core_priceprediction USING btree (product_id);


--
-- Name: core_productrecommendation_product_id_8a7d6927; Type: INDEX; Schema: public; Owner: marketplace_user
--

CREATE INDEX core_productrecommendation_product_id_8a7d6927 ON public.core_productrecommendation USING btree (product_id);


--
-- Name: core_productrecommendation_user_id_93f4c70e; Type: INDEX; Schema: public; Owner: marketplace_user
--

CREATE INDEX core_productrecommendation_user_id_93f4c70e ON public.core_productrecommendation USING btree (user_id);


--
-- Name: core_searchquery_user_id_9a08273f; Type: INDEX; Schema: public; Owner: marketplace_user
--

CREATE INDEX core_searchquery_user_id_9a08273f ON public.core_searchquery USING btree (user_id);


--
-- Name: core_securitylog_user_id_ca6610de; Type: INDEX; Schema: public; Owner: marketplace_user
--

CREATE INDEX core_securitylog_user_id_ca6610de ON public.core_securitylog USING btree (user_id);


--
-- Name: core_systemsettings_key_7bced20e_like; Type: INDEX; Schema: public; Owner: marketplace_user
--

CREATE INDEX core_systemsettings_key_7bced20e_like ON public.core_systemsettings USING btree (key varchar_pattern_ops);


--
-- Name: core_vendoranalytics_vendor_id_54e6095d; Type: INDEX; Schema: public; Owner: marketplace_user
--

CREATE INDEX core_vendoranalytics_vendor_id_54e6095d ON public.core_vendoranalytics USING btree (vendor_id);


--
-- Name: disputes_dispute_complainant_id_a711e2ef; Type: INDEX; Schema: public; Owner: marketplace_user
--

CREATE INDEX disputes_dispute_complainant_id_a711e2ef ON public.disputes_dispute USING btree (complainant_id);


--
-- Name: disputes_dispute_moderator_id_92d8261e; Type: INDEX; Schema: public; Owner: marketplace_user
--

CREATE INDEX disputes_dispute_moderator_id_92d8261e ON public.disputes_dispute USING btree (moderator_id);


--
-- Name: disputes_dispute_respondent_id_08f53200; Type: INDEX; Schema: public; Owner: marketplace_user
--

CREATE INDEX disputes_dispute_respondent_id_08f53200 ON public.disputes_dispute USING btree (respondent_id);


--
-- Name: disputes_disputeevidence_dispute_id_92c2489a; Type: INDEX; Schema: public; Owner: marketplace_user
--

CREATE INDEX disputes_disputeevidence_dispute_id_92c2489a ON public.disputes_disputeevidence USING btree (dispute_id);


--
-- Name: disputes_disputeevidence_submitted_by_id_ce4a83f8; Type: INDEX; Schema: public; Owner: marketplace_user
--

CREATE INDEX disputes_disputeevidence_submitted_by_id_ce4a83f8 ON public.disputes_disputeevidence USING btree (submitted_by_id);


--
-- Name: django_admin_log_content_type_id_c4bce8eb; Type: INDEX; Schema: public; Owner: marketplace_user
--

CREATE INDEX django_admin_log_content_type_id_c4bce8eb ON public.django_admin_log USING btree (content_type_id);


--
-- Name: django_admin_log_user_id_c564eba6; Type: INDEX; Schema: public; Owner: marketplace_user
--

CREATE INDEX django_admin_log_user_id_c564eba6 ON public.django_admin_log USING btree (user_id);


--
-- Name: django_session_expire_date_a5c62663; Type: INDEX; Schema: public; Owner: marketplace_user
--

CREATE INDEX django_session_expire_date_a5c62663 ON public.django_session USING btree (expire_date);


--
-- Name: django_session_session_key_c0390e0f_like; Type: INDEX; Schema: public; Owner: marketplace_user
--

CREATE INDEX django_session_session_key_c0390e0f_like ON public.django_session USING btree (session_key varchar_pattern_ops);


--
-- Name: django_site_domain_a2e37b91_like; Type: INDEX; Schema: public; Owner: marketplace_user
--

CREATE INDEX django_site_domain_a2e37b91_like ON public.django_site USING btree (domain varchar_pattern_ops);


--
-- Name: messaging_message_recipient_id_6eb91564; Type: INDEX; Schema: public; Owner: marketplace_user
--

CREATE INDEX messaging_message_recipient_id_6eb91564 ON public.messaging_message USING btree (recipient_id);


--
-- Name: messaging_message_sender_id_7a7088e6; Type: INDEX; Schema: public; Owner: marketplace_user
--

CREATE INDEX messaging_message_sender_id_7a7088e6 ON public.messaging_message USING btree (sender_id);


--
-- Name: messaging_messagethread_last_message_id_74d9955c; Type: INDEX; Schema: public; Owner: marketplace_user
--

CREATE INDEX messaging_messagethread_last_message_id_74d9955c ON public.messaging_messagethread USING btree (last_message_id);


--
-- Name: messaging_messagethread_participants_messagethread_id_be174dfd; Type: INDEX; Schema: public; Owner: marketplace_user
--

CREATE INDEX messaging_messagethread_participants_messagethread_id_be174dfd ON public.messaging_messagethread_participants USING btree (messagethread_id);


--
-- Name: messaging_messagethread_participants_user_id_dac388dd; Type: INDEX; Schema: public; Owner: marketplace_user
--

CREATE INDEX messaging_messagethread_participants_user_id_dac388dd ON public.messaging_messagethread_participants USING btree (user_id);


--
-- Name: orders_cartitem_cart_id_529df5fa; Type: INDEX; Schema: public; Owner: marketplace_user
--

CREATE INDEX orders_cartitem_cart_id_529df5fa ON public.orders_cartitem USING btree (cart_id);


--
-- Name: orders_cartitem_product_id_55063ee7; Type: INDEX; Schema: public; Owner: marketplace_user
--

CREATE INDEX orders_cartitem_product_id_55063ee7 ON public.orders_cartitem USING btree (product_id);


--
-- Name: orders_order_buyer_wallet_id_178745fc; Type: INDEX; Schema: public; Owner: marketplace_user
--

CREATE INDEX orders_order_buyer_wallet_id_178745fc ON public.orders_order USING btree (buyer_wallet_id);


--
-- Name: orders_order_user_id_e9b59eb1; Type: INDEX; Schema: public; Owner: marketplace_user
--

CREATE INDEX orders_order_user_id_e9b59eb1 ON public.orders_order USING btree (user_id);


--
-- Name: orders_order_vendor_id_a95998e8; Type: INDEX; Schema: public; Owner: marketplace_user
--

CREATE INDEX orders_order_vendor_id_a95998e8 ON public.orders_order USING btree (vendor_id);


--
-- Name: orders_orderitem_order_id_fe61a34d; Type: INDEX; Schema: public; Owner: marketplace_user
--

CREATE INDEX orders_orderitem_order_id_fe61a34d ON public.orders_orderitem USING btree (order_id);


--
-- Name: orders_orderitem_product_id_afe4254a; Type: INDEX; Schema: public; Owner: marketplace_user
--

CREATE INDEX orders_orderitem_product_id_afe4254a ON public.orders_orderitem USING btree (product_id);


--
-- Name: products_category_name_0ecfb368_like; Type: INDEX; Schema: public; Owner: marketplace_user
--

CREATE INDEX products_category_name_0ecfb368_like ON public.products_category USING btree (name varchar_pattern_ops);


--
-- Name: products_product_category_id_9b594869; Type: INDEX; Schema: public; Owner: marketplace_user
--

CREATE INDEX products_product_category_id_9b594869 ON public.products_product USING btree (category_id);


--
-- Name: products_product_vendor_id_4c43277c; Type: INDEX; Schema: public; Owner: marketplace_user
--

CREATE INDEX products_product_vendor_id_4c43277c ON public.products_product USING btree (vendor_id);


--
-- Name: products_productimage_product_id_e747596a; Type: INDEX; Schema: public; Owner: marketplace_user
--

CREATE INDEX products_productimage_product_id_e747596a ON public.products_productimage USING btree (product_id);


--
-- Name: security_bo_detecti_4df69f_idx; Type: INDEX; Schema: public; Owner: marketplace_user
--

CREATE INDEX security_bo_detecti_4df69f_idx ON public.security_botdetectionlog USING btree (detection_method, confidence_score);


--
-- Name: security_bo_session_ff550c_idx; Type: INDEX; Schema: public; Owner: marketplace_user
--

CREATE INDEX security_bo_session_ff550c_idx ON public.security_botdetectionlog USING btree (session_key, detected_at);


--
-- Name: security_botdetectionlog_session_key_2bce8339; Type: INDEX; Schema: public; Owner: marketplace_user
--

CREATE INDEX security_botdetectionlog_session_key_2bce8339 ON public.security_botdetectionlog USING btree (session_key);


--
-- Name: security_botdetectionlog_session_key_2bce8339_like; Type: INDEX; Schema: public; Owner: marketplace_user
--

CREATE INDEX security_botdetectionlog_session_key_2bce8339_like ON public.security_botdetectionlog USING btree (session_key varchar_pattern_ops);


--
-- Name: security_ca_created_44e54e_idx; Type: INDEX; Schema: public; Owner: marketplace_user
--

CREATE INDEX security_ca_created_44e54e_idx ON public.security_captchaattempt USING btree (created_at);


--
-- Name: security_ca_session_af77e0_idx; Type: INDEX; Schema: public; Owner: marketplace_user
--

CREATE INDEX security_ca_session_af77e0_idx ON public.security_captchaattempt USING btree (session_key, success);


--
-- Name: security_captchaattempt_session_key_4d4ca7a4; Type: INDEX; Schema: public; Owner: marketplace_user
--

CREATE INDEX security_captchaattempt_session_key_4d4ca7a4 ON public.security_captchaattempt USING btree (session_key);


--
-- Name: security_captchaattempt_session_key_4d4ca7a4_like; Type: INDEX; Schema: public; Owner: marketplace_user
--

CREATE INDEX security_captchaattempt_session_key_4d4ca7a4_like ON public.security_captchaattempt USING btree (session_key varchar_pattern_ops);


--
-- Name: security_ra_session_0a9ff8_idx; Type: INDEX; Schema: public; Owner: marketplace_user
--

CREATE INDEX security_ra_session_0a9ff8_idx ON public.security_ratelimitlog USING btree (session_key, limit_type);


--
-- Name: security_ra_trigger_d48375_idx; Type: INDEX; Schema: public; Owner: marketplace_user
--

CREATE INDEX security_ra_trigger_d48375_idx ON public.security_ratelimitlog USING btree (triggered_at);


--
-- Name: security_ratelimitlog_session_key_47ea6700; Type: INDEX; Schema: public; Owner: marketplace_user
--

CREATE INDEX security_ratelimitlog_session_key_47ea6700 ON public.security_ratelimitlog USING btree (session_key);


--
-- Name: security_ratelimitlog_session_key_47ea6700_like; Type: INDEX; Schema: public; Owner: marketplace_user
--

CREATE INDEX security_ratelimitlog_session_key_47ea6700_like ON public.security_ratelimitlog USING btree (session_key varchar_pattern_ops);


--
-- Name: security_se_created_841554_idx; Type: INDEX; Schema: public; Owner: marketplace_user
--

CREATE INDEX security_se_created_841554_idx ON public.security_securityevent USING btree (created_at);


--
-- Name: security_se_risk_le_5fac2e_idx; Type: INDEX; Schema: public; Owner: marketplace_user
--

CREATE INDEX security_se_risk_le_5fac2e_idx ON public.security_securityauditlog USING btree (risk_level, "timestamp");


--
-- Name: security_se_risk_sc_5994b8_idx; Type: INDEX; Schema: public; Owner: marketplace_user
--

CREATE INDEX security_se_risk_sc_5994b8_idx ON public.security_securityevent USING btree (risk_score, resolved);


--
-- Name: security_se_risk_sc_adedb6_idx; Type: INDEX; Schema: public; Owner: marketplace_user
--

CREATE INDEX security_se_risk_sc_adedb6_idx ON public.security_sessionsecurity USING btree (risk_score, is_suspicious);


--
-- Name: security_se_session_27ea9c_idx; Type: INDEX; Schema: public; Owner: marketplace_user
--

CREATE INDEX security_se_session_27ea9c_idx ON public.security_sessionsecurity USING btree (session_key);


--
-- Name: security_se_timesta_9d7fd4_idx; Type: INDEX; Schema: public; Owner: marketplace_user
--

CREATE INDEX security_se_timesta_9d7fd4_idx ON public.security_securityauditlog USING btree ("timestamp");


--
-- Name: security_se_user_id_33f8fc_idx; Type: INDEX; Schema: public; Owner: marketplace_user
--

CREATE INDEX security_se_user_id_33f8fc_idx ON public.security_securityauditlog USING btree (user_id, category, "timestamp");


--
-- Name: security_se_user_id_9cf596_idx; Type: INDEX; Schema: public; Owner: marketplace_user
--

CREATE INDEX security_se_user_id_9cf596_idx ON public.security_sessionsecurity USING btree (user_id, last_activity);


--
-- Name: security_se_user_id_f7052a_idx; Type: INDEX; Schema: public; Owner: marketplace_user
--

CREATE INDEX security_se_user_id_f7052a_idx ON public.security_securityevent USING btree (user_id, event_type, created_at);


--
-- Name: security_securityauditlog_user_id_2eeb0d1e; Type: INDEX; Schema: public; Owner: marketplace_user
--

CREATE INDEX security_securityauditlog_user_id_2eeb0d1e ON public.security_securityauditlog USING btree (user_id);


--
-- Name: security_securityevent_resolved_by_id_438ada7d; Type: INDEX; Schema: public; Owner: marketplace_user
--

CREATE INDEX security_securityevent_resolved_by_id_438ada7d ON public.security_securityevent USING btree (resolved_by_id);


--
-- Name: security_securityevent_user_id_1ff27a5a; Type: INDEX; Schema: public; Owner: marketplace_user
--

CREATE INDEX security_securityevent_user_id_1ff27a5a ON public.security_securityevent USING btree (user_id);


--
-- Name: security_sessionsecurity_session_key_b0a497af_like; Type: INDEX; Schema: public; Owner: marketplace_user
--

CREATE INDEX security_sessionsecurity_session_key_b0a497af_like ON public.security_sessionsecurity USING btree (session_key varchar_pattern_ops);


--
-- Name: security_sessionsecurity_user_id_b40e86ee; Type: INDEX; Schema: public; Owner: marketplace_user
--

CREATE INDEX security_sessionsecurity_user_id_b40e86ee ON public.security_sessionsecurity USING btree (user_id);


--
-- Name: support_feedback_user_id_d93e9e0f; Type: INDEX; Schema: public; Owner: marketplace_user
--

CREATE INDEX support_feedback_user_id_d93e9e0f ON public.support_feedback USING btree (user_id);


--
-- Name: support_supportticket_assigned_to_id_1b1ae160; Type: INDEX; Schema: public; Owner: marketplace_user
--

CREATE INDEX support_supportticket_assigned_to_id_1b1ae160 ON public.support_supportticket USING btree (assigned_to_id);


--
-- Name: support_supportticket_user_id_afde63b2; Type: INDEX; Schema: public; Owner: marketplace_user
--

CREATE INDEX support_supportticket_user_id_afde63b2 ON public.support_supportticket USING btree (user_id);


--
-- Name: vendors_fee_created_1d959a_idx; Type: INDEX; Schema: public; Owner: marketplace_user
--

CREATE INDEX vendors_fee_created_1d959a_idx ON public.vendors_feedback USING btree (created_at DESC);


--
-- Name: vendors_fee_rating_e50b78_idx; Type: INDEX; Schema: public; Owner: marketplace_user
--

CREATE INDEX vendors_fee_rating_e50b78_idx ON public.vendors_feedback USING btree (rating);


--
-- Name: vendors_fee_vendor__748d82_idx; Type: INDEX; Schema: public; Owner: marketplace_user
--

CREATE INDEX vendors_fee_vendor__748d82_idx ON public.vendors_feedback USING btree (vendor_id, is_public);


--
-- Name: vendors_feedback_customer_id_d9a7ce70; Type: INDEX; Schema: public; Owner: marketplace_user
--

CREATE INDEX vendors_feedback_customer_id_d9a7ce70 ON public.vendors_feedback USING btree (customer_id);


--
-- Name: vendors_feedback_vendor_id_837b76c5; Type: INDEX; Schema: public; Owner: marketplace_user
--

CREATE INDEX vendors_feedback_vendor_id_837b76c5 ON public.vendors_feedback USING btree (vendor_id);


--
-- Name: vendors_pro_code_737161_idx; Type: INDEX; Schema: public; Owner: marketplace_user
--

CREATE INDEX vendors_pro_code_737161_idx ON public.vendors_promotion USING btree (code);


--
-- Name: vendors_pro_start_d_8f53f8_idx; Type: INDEX; Schema: public; Owner: marketplace_user
--

CREATE INDEX vendors_pro_start_d_8f53f8_idx ON public.vendors_promotion USING btree (start_date, end_date);


--
-- Name: vendors_pro_vendor__dfe3bd_idx; Type: INDEX; Schema: public; Owner: marketplace_user
--

CREATE INDEX vendors_pro_vendor__dfe3bd_idx ON public.vendors_promotion USING btree (vendor_id, is_active);


--
-- Name: vendors_promotion_code_da0cbce1_like; Type: INDEX; Schema: public; Owner: marketplace_user
--

CREATE INDEX vendors_promotion_code_da0cbce1_like ON public.vendors_promotion USING btree (code varchar_pattern_ops);


--
-- Name: vendors_promotion_vendor_id_11755815; Type: INDEX; Schema: public; Owner: marketplace_user
--

CREATE INDEX vendors_promotion_vendor_id_11755815 ON public.vendors_promotion USING btree (vendor_id);


--
-- Name: vendors_sub_action_9a08c8_idx; Type: INDEX; Schema: public; Owner: marketplace_user
--

CREATE INDEX vendors_sub_action_9a08c8_idx ON public.vendors_subvendoractivitylog USING btree (action);


--
-- Name: vendors_sub_main_ve_9ece3a_idx; Type: INDEX; Schema: public; Owner: marketplace_user
--

CREATE INDEX vendors_sub_main_ve_9ece3a_idx ON public.vendors_subvendor USING btree (main_vendor_id, is_active);


--
-- Name: vendors_sub_sub_ven_17c3ed_idx; Type: INDEX; Schema: public; Owner: marketplace_user
--

CREATE INDEX vendors_sub_sub_ven_17c3ed_idx ON public.vendors_subvendoractivitylog USING btree (sub_vendor_id, created_at DESC);


--
-- Name: vendors_sub_user_id_ed8594_idx; Type: INDEX; Schema: public; Owner: marketplace_user
--

CREATE INDEX vendors_sub_user_id_ed8594_idx ON public.vendors_subvendor USING btree (user_id);


--
-- Name: vendors_subvendor_created_by_id_2b3f45b3; Type: INDEX; Schema: public; Owner: marketplace_user
--

CREATE INDEX vendors_subvendor_created_by_id_2b3f45b3 ON public.vendors_subvendor USING btree (created_by_id);


--
-- Name: vendors_subvendor_main_vendor_id_548eddeb; Type: INDEX; Schema: public; Owner: marketplace_user
--

CREATE INDEX vendors_subvendor_main_vendor_id_548eddeb ON public.vendors_subvendor USING btree (main_vendor_id);


--
-- Name: vendors_subvendoractivitylog_sub_vendor_id_2b2879d2; Type: INDEX; Schema: public; Owner: marketplace_user
--

CREATE INDEX vendors_subvendoractivitylog_sub_vendor_id_2b2879d2 ON public.vendors_subvendoractivitylog USING btree (sub_vendor_id);


--
-- Name: vendors_ven_created_999ab5_idx; Type: INDEX; Schema: public; Owner: marketplace_user
--

CREATE INDEX vendors_ven_created_999ab5_idx ON public.vendors_vendornotification USING btree (created_at DESC);


--
-- Name: vendors_ven_is_appr_ebcbe2_idx; Type: INDEX; Schema: public; Owner: marketplace_user
--

CREATE INDEX vendors_ven_is_appr_ebcbe2_idx ON public.vendors_vendor USING btree (is_approved, is_active);


--
-- Name: vendors_ven_notific_f51178_idx; Type: INDEX; Schema: public; Owner: marketplace_user
--

CREATE INDEX vendors_ven_notific_f51178_idx ON public.vendors_vendornotification USING btree (notification_type);


--
-- Name: vendors_ven_rating_1e84ed_idx; Type: INDEX; Schema: public; Owner: marketplace_user
--

CREATE INDEX vendors_ven_rating_1e84ed_idx ON public.vendors_vendor USING btree (rating);


--
-- Name: vendors_ven_trust_l_c6d6eb_idx; Type: INDEX; Schema: public; Owner: marketplace_user
--

CREATE INDEX vendors_ven_trust_l_c6d6eb_idx ON public.vendors_vendor USING btree (trust_level);


--
-- Name: vendors_ven_trust_s_4fa389_idx; Type: INDEX; Schema: public; Owner: marketplace_user
--

CREATE INDEX vendors_ven_trust_s_4fa389_idx ON public.vendors_vendor USING btree (trust_score);


--
-- Name: vendors_ven_vacatio_037ffd_idx; Type: INDEX; Schema: public; Owner: marketplace_user
--

CREATE INDEX vendors_ven_vacatio_037ffd_idx ON public.vendors_vendor USING btree (vacation_mode);


--
-- Name: vendors_ven_vendor__246df2_idx; Type: INDEX; Schema: public; Owner: marketplace_user
--

CREATE INDEX vendors_ven_vendor__246df2_idx ON public.vendors_vendornotification USING btree (vendor_id, is_read);


--
-- Name: vendors_vendor_vendor_name_a10b659a_like; Type: INDEX; Schema: public; Owner: marketplace_user
--

CREATE INDEX vendors_vendor_vendor_name_a10b659a_like ON public.vendors_vendor USING btree (vendor_name varchar_pattern_ops);


--
-- Name: vendors_vendornotification_vendor_id_de3ccdb1; Type: INDEX; Schema: public; Owner: marketplace_user
--

CREATE INDEX vendors_vendornotification_vendor_id_de3ccdb1 ON public.vendors_vendornotification USING btree (vendor_id);


--
-- Name: vendors_vendorrating_user_id_339bf23e; Type: INDEX; Schema: public; Owner: marketplace_user
--

CREATE INDEX vendors_vendorrating_user_id_339bf23e ON public.vendors_vendorrating USING btree (user_id);


--
-- Name: vendors_vendorrating_vendor_id_d4b0f8ac; Type: INDEX; Schema: public; Owner: marketplace_user
--

CREATE INDEX vendors_vendorrating_vendor_id_d4b0f8ac ON public.vendors_vendorrating USING btree (vendor_id);


--
-- Name: wallets_transaction_txid_8a91115f_like; Type: INDEX; Schema: public; Owner: marketplace_user
--

CREATE INDEX wallets_transaction_txid_8a91115f_like ON public.wallets_transaction USING btree (txid varchar_pattern_ops);


--
-- Name: wallets_transaction_wallet_id_f5bd9420; Type: INDEX; Schema: public; Owner: marketplace_user
--

CREATE INDEX wallets_transaction_wallet_id_f5bd9420 ON public.wallets_transaction USING btree (wallet_id);


--
-- Name: wallets_wallet_address_fb949b37_like; Type: INDEX; Schema: public; Owner: marketplace_user
--

CREATE INDEX wallets_wallet_address_fb949b37_like ON public.wallets_wallet USING btree (address varchar_pattern_ops);


--
-- Name: wallets_wallet_user_id_6cb307a0; Type: INDEX; Schema: public; Owner: marketplace_user
--

CREATE INDEX wallets_wallet_user_id_6cb307a0 ON public.wallets_wallet USING btree (user_id);


--
-- Name: accounts_loginhistory accounts_loginhistory_user_id_70caa10d_fk_accounts_user_id; Type: FK CONSTRAINT; Schema: public; Owner: marketplace_user
--

ALTER TABLE ONLY public.accounts_loginhistory
    ADD CONSTRAINT accounts_loginhistory_user_id_70caa10d_fk_accounts_user_id FOREIGN KEY (user_id) REFERENCES public.accounts_user(id) DEFERRABLE INITIALLY DEFERRED;


--
-- Name: accounts_user_groups accounts_user_groups_group_id_bd11a704_fk_auth_group_id; Type: FK CONSTRAINT; Schema: public; Owner: marketplace_user
--

ALTER TABLE ONLY public.accounts_user_groups
    ADD CONSTRAINT accounts_user_groups_group_id_bd11a704_fk_auth_group_id FOREIGN KEY (group_id) REFERENCES public.auth_group(id) DEFERRABLE INITIALLY DEFERRED;


--
-- Name: accounts_user_groups accounts_user_groups_user_id_52b62117_fk_accounts_user_id; Type: FK CONSTRAINT; Schema: public; Owner: marketplace_user
--

ALTER TABLE ONLY public.accounts_user_groups
    ADD CONSTRAINT accounts_user_groups_user_id_52b62117_fk_accounts_user_id FOREIGN KEY (user_id) REFERENCES public.accounts_user(id) DEFERRABLE INITIALLY DEFERRED;


--
-- Name: accounts_user_user_permissions accounts_user_user_p_permission_id_113bb443_fk_auth_perm; Type: FK CONSTRAINT; Schema: public; Owner: marketplace_user
--

ALTER TABLE ONLY public.accounts_user_user_permissions
    ADD CONSTRAINT accounts_user_user_p_permission_id_113bb443_fk_auth_perm FOREIGN KEY (permission_id) REFERENCES public.auth_permission(id) DEFERRABLE INITIALLY DEFERRED;


--
-- Name: accounts_user_user_permissions accounts_user_user_p_user_id_e4f0a161_fk_accounts_; Type: FK CONSTRAINT; Schema: public; Owner: marketplace_user
--

ALTER TABLE ONLY public.accounts_user_user_permissions
    ADD CONSTRAINT accounts_user_user_p_user_id_e4f0a161_fk_accounts_ FOREIGN KEY (user_id) REFERENCES public.accounts_user(id) DEFERRABLE INITIALLY DEFERRED;


--
-- Name: accounts_usersession accounts_usersession_user_id_567c9519_fk_accounts_user_id; Type: FK CONSTRAINT; Schema: public; Owner: marketplace_user
--

ALTER TABLE ONLY public.accounts_usersession
    ADD CONSTRAINT accounts_usersession_user_id_567c9519_fk_accounts_user_id FOREIGN KEY (user_id) REFERENCES public.accounts_user(id) DEFERRABLE INITIALLY DEFERRED;


--
-- Name: adminpanel_adminaction adminpanel_adminacti_admin_user_id_d30d61f6_fk_accounts_; Type: FK CONSTRAINT; Schema: public; Owner: marketplace_user
--

ALTER TABLE ONLY public.adminpanel_adminaction
    ADD CONSTRAINT adminpanel_adminacti_admin_user_id_d30d61f6_fk_accounts_ FOREIGN KEY (admin_user_id) REFERENCES public.accounts_user(id) DEFERRABLE INITIALLY DEFERRED;


--
-- Name: adminpanel_adminaction adminpanel_adminacti_target_user_id_e3e92052_fk_accounts_; Type: FK CONSTRAINT; Schema: public; Owner: marketplace_user
--

ALTER TABLE ONLY public.adminpanel_adminaction
    ADD CONSTRAINT adminpanel_adminacti_target_user_id_e3e92052_fk_accounts_ FOREIGN KEY (target_user_id) REFERENCES public.accounts_user(id) DEFERRABLE INITIALLY DEFERRED;


--
-- Name: adminpanel_adminlog adminpanel_adminlog_admin_user_id_f9a3c527_fk_accounts_user_id; Type: FK CONSTRAINT; Schema: public; Owner: marketplace_user
--

ALTER TABLE ONLY public.adminpanel_adminlog
    ADD CONSTRAINT adminpanel_adminlog_admin_user_id_f9a3c527_fk_accounts_user_id FOREIGN KEY (admin_user_id) REFERENCES public.accounts_user(id) DEFERRABLE INITIALLY DEFERRED;


--
-- Name: adminpanel_adminprofile adminpanel_adminprofile_user_id_42449e64_fk_accounts_user_id; Type: FK CONSTRAINT; Schema: public; Owner: marketplace_user
--

ALTER TABLE ONLY public.adminpanel_adminprofile
    ADD CONSTRAINT adminpanel_adminprofile_user_id_42449e64_fk_accounts_user_id FOREIGN KEY (user_id) REFERENCES public.accounts_user(id) DEFERRABLE INITIALLY DEFERRED;


--
-- Name: adminpanel_securityalert adminpanel_securitya_resolved_by_id_8ee045c3_fk_accounts_; Type: FK CONSTRAINT; Schema: public; Owner: marketplace_user
--

ALTER TABLE ONLY public.adminpanel_securityalert
    ADD CONSTRAINT adminpanel_securitya_resolved_by_id_8ee045c3_fk_accounts_ FOREIGN KEY (resolved_by_id) REFERENCES public.accounts_user(id) DEFERRABLE INITIALLY DEFERRED;


--
-- Name: adminpanel_securityalert adminpanel_securityalert_user_id_383a32b0_fk_accounts_user_id; Type: FK CONSTRAINT; Schema: public; Owner: marketplace_user
--

ALTER TABLE ONLY public.adminpanel_securityalert
    ADD CONSTRAINT adminpanel_securityalert_user_id_383a32b0_fk_accounts_user_id FOREIGN KEY (user_id) REFERENCES public.accounts_user(id) DEFERRABLE INITIALLY DEFERRED;


--
-- Name: auth_group_permissions auth_group_permissio_permission_id_84c5c92e_fk_auth_perm; Type: FK CONSTRAINT; Schema: public; Owner: marketplace_user
--

ALTER TABLE ONLY public.auth_group_permissions
    ADD CONSTRAINT auth_group_permissio_permission_id_84c5c92e_fk_auth_perm FOREIGN KEY (permission_id) REFERENCES public.auth_permission(id) DEFERRABLE INITIALLY DEFERRED;


--
-- Name: auth_group_permissions auth_group_permissions_group_id_b120cbf9_fk_auth_group_id; Type: FK CONSTRAINT; Schema: public; Owner: marketplace_user
--

ALTER TABLE ONLY public.auth_group_permissions
    ADD CONSTRAINT auth_group_permissions_group_id_b120cbf9_fk_auth_group_id FOREIGN KEY (group_id) REFERENCES public.auth_group(id) DEFERRABLE INITIALLY DEFERRED;


--
-- Name: auth_permission auth_permission_content_type_id_2f476e4b_fk_django_co; Type: FK CONSTRAINT; Schema: public; Owner: marketplace_user
--

ALTER TABLE ONLY public.auth_permission
    ADD CONSTRAINT auth_permission_content_type_id_2f476e4b_fk_django_co FOREIGN KEY (content_type_id) REFERENCES public.django_content_type(id) DEFERRABLE INITIALLY DEFERRED;


--
-- Name: core_broadcastmessage core_broadcastmessag_created_by_id_68ca881c_fk_accounts_; Type: FK CONSTRAINT; Schema: public; Owner: marketplace_user
--

ALTER TABLE ONLY public.core_broadcastmessage
    ADD CONSTRAINT core_broadcastmessag_created_by_id_68ca881c_fk_accounts_ FOREIGN KEY (created_by_id) REFERENCES public.accounts_user(id) DEFERRABLE INITIALLY DEFERRED;


--
-- Name: core_disputearbitration core_disputearbitrat_arbitrator_id_76ad0474_fk_accounts_; Type: FK CONSTRAINT; Schema: public; Owner: marketplace_user
--

ALTER TABLE ONLY public.core_disputearbitration
    ADD CONSTRAINT core_disputearbitrat_arbitrator_id_76ad0474_fk_accounts_ FOREIGN KEY (arbitrator_id) REFERENCES public.accounts_user(id) DEFERRABLE INITIALLY DEFERRED;


--
-- Name: core_disputearbitration core_disputearbitrat_dispute_id_daede1c9_fk_disputes_; Type: FK CONSTRAINT; Schema: public; Owner: marketplace_user
--

ALTER TABLE ONLY public.core_disputearbitration
    ADD CONSTRAINT core_disputearbitrat_dispute_id_daede1c9_fk_disputes_ FOREIGN KEY (dispute_id) REFERENCES public.disputes_dispute(id) DEFERRABLE INITIALLY DEFERRED;


--
-- Name: core_loyaltypoints core_loyaltypoints_user_id_1b79d78e_fk_accounts_user_id; Type: FK CONSTRAINT; Schema: public; Owner: marketplace_user
--

ALTER TABLE ONLY public.core_loyaltypoints
    ADD CONSTRAINT core_loyaltypoints_user_id_1b79d78e_fk_accounts_user_id FOREIGN KEY (user_id) REFERENCES public.accounts_user(id) DEFERRABLE INITIALLY DEFERRED;


--
-- Name: core_loyaltytransaction core_loyaltytransaction_order_id_325a766e_fk_orders_order_id; Type: FK CONSTRAINT; Schema: public; Owner: marketplace_user
--

ALTER TABLE ONLY public.core_loyaltytransaction
    ADD CONSTRAINT core_loyaltytransaction_order_id_325a766e_fk_orders_order_id FOREIGN KEY (order_id) REFERENCES public.orders_order(id) DEFERRABLE INITIALLY DEFERRED;


--
-- Name: core_loyaltytransaction core_loyaltytransaction_user_id_2f28f9df_fk_accounts_user_id; Type: FK CONSTRAINT; Schema: public; Owner: marketplace_user
--

ALTER TABLE ONLY public.core_loyaltytransaction
    ADD CONSTRAINT core_loyaltytransaction_user_id_2f28f9df_fk_accounts_user_id FOREIGN KEY (user_id) REFERENCES public.accounts_user(id) DEFERRABLE INITIALLY DEFERRED;


--
-- Name: core_priceprediction core_priceprediction_product_id_b484184c_fk_products_product_id; Type: FK CONSTRAINT; Schema: public; Owner: marketplace_user
--

ALTER TABLE ONLY public.core_priceprediction
    ADD CONSTRAINT core_priceprediction_product_id_b484184c_fk_products_product_id FOREIGN KEY (product_id) REFERENCES public.products_product(id) DEFERRABLE INITIALLY DEFERRED;


--
-- Name: core_productrecommendation core_productrecommen_product_id_8a7d6927_fk_products_; Type: FK CONSTRAINT; Schema: public; Owner: marketplace_user
--

ALTER TABLE ONLY public.core_productrecommendation
    ADD CONSTRAINT core_productrecommen_product_id_8a7d6927_fk_products_ FOREIGN KEY (product_id) REFERENCES public.products_product(id) DEFERRABLE INITIALLY DEFERRED;


--
-- Name: core_productrecommendation core_productrecommendation_user_id_93f4c70e_fk_accounts_user_id; Type: FK CONSTRAINT; Schema: public; Owner: marketplace_user
--

ALTER TABLE ONLY public.core_productrecommendation
    ADD CONSTRAINT core_productrecommendation_user_id_93f4c70e_fk_accounts_user_id FOREIGN KEY (user_id) REFERENCES public.accounts_user(id) DEFERRABLE INITIALLY DEFERRED;


--
-- Name: core_searchquery core_searchquery_user_id_9a08273f_fk_accounts_user_id; Type: FK CONSTRAINT; Schema: public; Owner: marketplace_user
--

ALTER TABLE ONLY public.core_searchquery
    ADD CONSTRAINT core_searchquery_user_id_9a08273f_fk_accounts_user_id FOREIGN KEY (user_id) REFERENCES public.accounts_user(id) DEFERRABLE INITIALLY DEFERRED;


--
-- Name: core_securitylog core_securitylog_user_id_ca6610de_fk_accounts_user_id; Type: FK CONSTRAINT; Schema: public; Owner: marketplace_user
--

ALTER TABLE ONLY public.core_securitylog
    ADD CONSTRAINT core_securitylog_user_id_ca6610de_fk_accounts_user_id FOREIGN KEY (user_id) REFERENCES public.accounts_user(id) DEFERRABLE INITIALLY DEFERRED;


--
-- Name: core_userpreferenceprofile core_userpreferenceprofile_user_id_132688ac_fk_accounts_user_id; Type: FK CONSTRAINT; Schema: public; Owner: marketplace_user
--

ALTER TABLE ONLY public.core_userpreferenceprofile
    ADD CONSTRAINT core_userpreferenceprofile_user_id_132688ac_fk_accounts_user_id FOREIGN KEY (user_id) REFERENCES public.accounts_user(id) DEFERRABLE INITIALLY DEFERRED;


--
-- Name: core_vendoranalytics core_vendoranalytics_vendor_id_54e6095d_fk_accounts_user_id; Type: FK CONSTRAINT; Schema: public; Owner: marketplace_user
--

ALTER TABLE ONLY public.core_vendoranalytics
    ADD CONSTRAINT core_vendoranalytics_vendor_id_54e6095d_fk_accounts_user_id FOREIGN KEY (vendor_id) REFERENCES public.accounts_user(id) DEFERRABLE INITIALLY DEFERRED;


--
-- Name: disputes_dispute disputes_dispute_complainant_id_a711e2ef_fk_accounts_user_id; Type: FK CONSTRAINT; Schema: public; Owner: marketplace_user
--

ALTER TABLE ONLY public.disputes_dispute
    ADD CONSTRAINT disputes_dispute_complainant_id_a711e2ef_fk_accounts_user_id FOREIGN KEY (complainant_id) REFERENCES public.accounts_user(id) DEFERRABLE INITIALLY DEFERRED;


--
-- Name: disputes_dispute disputes_dispute_moderator_id_92d8261e_fk_accounts_user_id; Type: FK CONSTRAINT; Schema: public; Owner: marketplace_user
--

ALTER TABLE ONLY public.disputes_dispute
    ADD CONSTRAINT disputes_dispute_moderator_id_92d8261e_fk_accounts_user_id FOREIGN KEY (moderator_id) REFERENCES public.accounts_user(id) DEFERRABLE INITIALLY DEFERRED;


--
-- Name: disputes_dispute disputes_dispute_order_id_0f24a9e3_fk_orders_order_id; Type: FK CONSTRAINT; Schema: public; Owner: marketplace_user
--

ALTER TABLE ONLY public.disputes_dispute
    ADD CONSTRAINT disputes_dispute_order_id_0f24a9e3_fk_orders_order_id FOREIGN KEY (order_id) REFERENCES public.orders_order(id) DEFERRABLE INITIALLY DEFERRED;


--
-- Name: disputes_dispute disputes_dispute_respondent_id_08f53200_fk_accounts_user_id; Type: FK CONSTRAINT; Schema: public; Owner: marketplace_user
--

ALTER TABLE ONLY public.disputes_dispute
    ADD CONSTRAINT disputes_dispute_respondent_id_08f53200_fk_accounts_user_id FOREIGN KEY (respondent_id) REFERENCES public.accounts_user(id) DEFERRABLE INITIALLY DEFERRED;


--
-- Name: disputes_disputeevidence disputes_disputeevid_dispute_id_92c2489a_fk_disputes_; Type: FK CONSTRAINT; Schema: public; Owner: marketplace_user
--

ALTER TABLE ONLY public.disputes_disputeevidence
    ADD CONSTRAINT disputes_disputeevid_dispute_id_92c2489a_fk_disputes_ FOREIGN KEY (dispute_id) REFERENCES public.disputes_dispute(id) DEFERRABLE INITIALLY DEFERRED;


--
-- Name: disputes_disputeevidence disputes_disputeevid_submitted_by_id_ce4a83f8_fk_accounts_; Type: FK CONSTRAINT; Schema: public; Owner: marketplace_user
--

ALTER TABLE ONLY public.disputes_disputeevidence
    ADD CONSTRAINT disputes_disputeevid_submitted_by_id_ce4a83f8_fk_accounts_ FOREIGN KEY (submitted_by_id) REFERENCES public.accounts_user(id) DEFERRABLE INITIALLY DEFERRED;


--
-- Name: django_admin_log django_admin_log_content_type_id_c4bce8eb_fk_django_co; Type: FK CONSTRAINT; Schema: public; Owner: marketplace_user
--

ALTER TABLE ONLY public.django_admin_log
    ADD CONSTRAINT django_admin_log_content_type_id_c4bce8eb_fk_django_co FOREIGN KEY (content_type_id) REFERENCES public.django_content_type(id) DEFERRABLE INITIALLY DEFERRED;


--
-- Name: django_admin_log django_admin_log_user_id_c564eba6_fk_accounts_user_id; Type: FK CONSTRAINT; Schema: public; Owner: marketplace_user
--

ALTER TABLE ONLY public.django_admin_log
    ADD CONSTRAINT django_admin_log_user_id_c564eba6_fk_accounts_user_id FOREIGN KEY (user_id) REFERENCES public.accounts_user(id) DEFERRABLE INITIALLY DEFERRED;


--
-- Name: messaging_message messaging_message_recipient_id_6eb91564_fk_accounts_user_id; Type: FK CONSTRAINT; Schema: public; Owner: marketplace_user
--

ALTER TABLE ONLY public.messaging_message
    ADD CONSTRAINT messaging_message_recipient_id_6eb91564_fk_accounts_user_id FOREIGN KEY (recipient_id) REFERENCES public.accounts_user(id) DEFERRABLE INITIALLY DEFERRED;


--
-- Name: messaging_message messaging_message_sender_id_7a7088e6_fk_accounts_user_id; Type: FK CONSTRAINT; Schema: public; Owner: marketplace_user
--

ALTER TABLE ONLY public.messaging_message
    ADD CONSTRAINT messaging_message_sender_id_7a7088e6_fk_accounts_user_id FOREIGN KEY (sender_id) REFERENCES public.accounts_user(id) DEFERRABLE INITIALLY DEFERRED;


--
-- Name: messaging_messagethread messaging_messagethr_last_message_id_74d9955c_fk_messaging; Type: FK CONSTRAINT; Schema: public; Owner: marketplace_user
--

ALTER TABLE ONLY public.messaging_messagethread
    ADD CONSTRAINT messaging_messagethr_last_message_id_74d9955c_fk_messaging FOREIGN KEY (last_message_id) REFERENCES public.messaging_message(id) DEFERRABLE INITIALLY DEFERRED;


--
-- Name: messaging_messagethread_participants messaging_messagethr_messagethread_id_be174dfd_fk_messaging; Type: FK CONSTRAINT; Schema: public; Owner: marketplace_user
--

ALTER TABLE ONLY public.messaging_messagethread_participants
    ADD CONSTRAINT messaging_messagethr_messagethread_id_be174dfd_fk_messaging FOREIGN KEY (messagethread_id) REFERENCES public.messaging_messagethread(id) DEFERRABLE INITIALLY DEFERRED;


--
-- Name: messaging_messagethread_participants messaging_messagethr_user_id_dac388dd_fk_accounts_; Type: FK CONSTRAINT; Schema: public; Owner: marketplace_user
--

ALTER TABLE ONLY public.messaging_messagethread_participants
    ADD CONSTRAINT messaging_messagethr_user_id_dac388dd_fk_accounts_ FOREIGN KEY (user_id) REFERENCES public.accounts_user(id) DEFERRABLE INITIALLY DEFERRED;


--
-- Name: orders_cart orders_cart_user_id_121a069e_fk_accounts_user_id; Type: FK CONSTRAINT; Schema: public; Owner: marketplace_user
--

ALTER TABLE ONLY public.orders_cart
    ADD CONSTRAINT orders_cart_user_id_121a069e_fk_accounts_user_id FOREIGN KEY (user_id) REFERENCES public.accounts_user(id) DEFERRABLE INITIALLY DEFERRED;


--
-- Name: orders_cartitem orders_cartitem_cart_id_529df5fa_fk_orders_cart_id; Type: FK CONSTRAINT; Schema: public; Owner: marketplace_user
--

ALTER TABLE ONLY public.orders_cartitem
    ADD CONSTRAINT orders_cartitem_cart_id_529df5fa_fk_orders_cart_id FOREIGN KEY (cart_id) REFERENCES public.orders_cart(id) DEFERRABLE INITIALLY DEFERRED;


--
-- Name: orders_cartitem orders_cartitem_product_id_55063ee7_fk_products_product_id; Type: FK CONSTRAINT; Schema: public; Owner: marketplace_user
--

ALTER TABLE ONLY public.orders_cartitem
    ADD CONSTRAINT orders_cartitem_product_id_55063ee7_fk_products_product_id FOREIGN KEY (product_id) REFERENCES public.products_product(id) DEFERRABLE INITIALLY DEFERRED;


--
-- Name: orders_order orders_order_buyer_wallet_id_178745fc_fk_wallets_wallet_id; Type: FK CONSTRAINT; Schema: public; Owner: marketplace_user
--

ALTER TABLE ONLY public.orders_order
    ADD CONSTRAINT orders_order_buyer_wallet_id_178745fc_fk_wallets_wallet_id FOREIGN KEY (buyer_wallet_id) REFERENCES public.wallets_wallet(id) DEFERRABLE INITIALLY DEFERRED;


--
-- Name: orders_order orders_order_user_id_e9b59eb1_fk_accounts_user_id; Type: FK CONSTRAINT; Schema: public; Owner: marketplace_user
--

ALTER TABLE ONLY public.orders_order
    ADD CONSTRAINT orders_order_user_id_e9b59eb1_fk_accounts_user_id FOREIGN KEY (user_id) REFERENCES public.accounts_user(id) DEFERRABLE INITIALLY DEFERRED;


--
-- Name: orders_order orders_order_vendor_id_a95998e8_fk_vendors_vendor_id; Type: FK CONSTRAINT; Schema: public; Owner: marketplace_user
--

ALTER TABLE ONLY public.orders_order
    ADD CONSTRAINT orders_order_vendor_id_a95998e8_fk_vendors_vendor_id FOREIGN KEY (vendor_id) REFERENCES public.vendors_vendor(id) DEFERRABLE INITIALLY DEFERRED;


--
-- Name: orders_orderitem orders_orderitem_order_id_fe61a34d_fk_orders_order_id; Type: FK CONSTRAINT; Schema: public; Owner: marketplace_user
--

ALTER TABLE ONLY public.orders_orderitem
    ADD CONSTRAINT orders_orderitem_order_id_fe61a34d_fk_orders_order_id FOREIGN KEY (order_id) REFERENCES public.orders_order(id) DEFERRABLE INITIALLY DEFERRED;


--
-- Name: orders_orderitem orders_orderitem_product_id_afe4254a_fk_products_product_id; Type: FK CONSTRAINT; Schema: public; Owner: marketplace_user
--

ALTER TABLE ONLY public.orders_orderitem
    ADD CONSTRAINT orders_orderitem_product_id_afe4254a_fk_products_product_id FOREIGN KEY (product_id) REFERENCES public.products_product(id) DEFERRABLE INITIALLY DEFERRED;


--
-- Name: products_product products_product_category_id_9b594869_fk_products_category_id; Type: FK CONSTRAINT; Schema: public; Owner: marketplace_user
--

ALTER TABLE ONLY public.products_product
    ADD CONSTRAINT products_product_category_id_9b594869_fk_products_category_id FOREIGN KEY (category_id) REFERENCES public.products_category(id) DEFERRABLE INITIALLY DEFERRED;


--
-- Name: products_product products_product_vendor_id_4c43277c_fk_vendors_vendor_id; Type: FK CONSTRAINT; Schema: public; Owner: marketplace_user
--

ALTER TABLE ONLY public.products_product
    ADD CONSTRAINT products_product_vendor_id_4c43277c_fk_vendors_vendor_id FOREIGN KEY (vendor_id) REFERENCES public.vendors_vendor(id) DEFERRABLE INITIALLY DEFERRED;


--
-- Name: products_productimage products_productimag_product_id_e747596a_fk_products_; Type: FK CONSTRAINT; Schema: public; Owner: marketplace_user
--

ALTER TABLE ONLY public.products_productimage
    ADD CONSTRAINT products_productimag_product_id_e747596a_fk_products_ FOREIGN KEY (product_id) REFERENCES public.products_product(id) DEFERRABLE INITIALLY DEFERRED;


--
-- Name: security_securityauditlog security_securityauditlog_user_id_2eeb0d1e_fk_accounts_user_id; Type: FK CONSTRAINT; Schema: public; Owner: marketplace_user
--

ALTER TABLE ONLY public.security_securityauditlog
    ADD CONSTRAINT security_securityauditlog_user_id_2eeb0d1e_fk_accounts_user_id FOREIGN KEY (user_id) REFERENCES public.accounts_user(id) DEFERRABLE INITIALLY DEFERRED;


--
-- Name: security_securityevent security_securityeve_resolved_by_id_438ada7d_fk_accounts_; Type: FK CONSTRAINT; Schema: public; Owner: marketplace_user
--

ALTER TABLE ONLY public.security_securityevent
    ADD CONSTRAINT security_securityeve_resolved_by_id_438ada7d_fk_accounts_ FOREIGN KEY (resolved_by_id) REFERENCES public.accounts_user(id) DEFERRABLE INITIALLY DEFERRED;


--
-- Name: security_securityevent security_securityevent_user_id_1ff27a5a_fk_accounts_user_id; Type: FK CONSTRAINT; Schema: public; Owner: marketplace_user
--

ALTER TABLE ONLY public.security_securityevent
    ADD CONSTRAINT security_securityevent_user_id_1ff27a5a_fk_accounts_user_id FOREIGN KEY (user_id) REFERENCES public.accounts_user(id) DEFERRABLE INITIALLY DEFERRED;


--
-- Name: security_sessionsecurity security_sessionsecurity_user_id_b40e86ee_fk_accounts_user_id; Type: FK CONSTRAINT; Schema: public; Owner: marketplace_user
--

ALTER TABLE ONLY public.security_sessionsecurity
    ADD CONSTRAINT security_sessionsecurity_user_id_b40e86ee_fk_accounts_user_id FOREIGN KEY (user_id) REFERENCES public.accounts_user(id) DEFERRABLE INITIALLY DEFERRED;


--
-- Name: support_feedback support_feedback_user_id_d93e9e0f_fk_accounts_user_id; Type: FK CONSTRAINT; Schema: public; Owner: marketplace_user
--

ALTER TABLE ONLY public.support_feedback
    ADD CONSTRAINT support_feedback_user_id_d93e9e0f_fk_accounts_user_id FOREIGN KEY (user_id) REFERENCES public.accounts_user(id) DEFERRABLE INITIALLY DEFERRED;


--
-- Name: support_supportticket support_supportticke_assigned_to_id_1b1ae160_fk_accounts_; Type: FK CONSTRAINT; Schema: public; Owner: marketplace_user
--

ALTER TABLE ONLY public.support_supportticket
    ADD CONSTRAINT support_supportticke_assigned_to_id_1b1ae160_fk_accounts_ FOREIGN KEY (assigned_to_id) REFERENCES public.accounts_user(id) DEFERRABLE INITIALLY DEFERRED;


--
-- Name: support_supportticket support_supportticket_user_id_afde63b2_fk_accounts_user_id; Type: FK CONSTRAINT; Schema: public; Owner: marketplace_user
--

ALTER TABLE ONLY public.support_supportticket
    ADD CONSTRAINT support_supportticket_user_id_afde63b2_fk_accounts_user_id FOREIGN KEY (user_id) REFERENCES public.accounts_user(id) DEFERRABLE INITIALLY DEFERRED;


--
-- Name: vendors_feedback vendors_feedback_customer_id_d9a7ce70_fk_accounts_user_id; Type: FK CONSTRAINT; Schema: public; Owner: marketplace_user
--

ALTER TABLE ONLY public.vendors_feedback
    ADD CONSTRAINT vendors_feedback_customer_id_d9a7ce70_fk_accounts_user_id FOREIGN KEY (customer_id) REFERENCES public.accounts_user(id) DEFERRABLE INITIALLY DEFERRED;


--
-- Name: vendors_feedback vendors_feedback_vendor_id_837b76c5_fk_vendors_vendor_id; Type: FK CONSTRAINT; Schema: public; Owner: marketplace_user
--

ALTER TABLE ONLY public.vendors_feedback
    ADD CONSTRAINT vendors_feedback_vendor_id_837b76c5_fk_vendors_vendor_id FOREIGN KEY (vendor_id) REFERENCES public.vendors_vendor(id) DEFERRABLE INITIALLY DEFERRED;


--
-- Name: vendors_promotion vendors_promotion_vendor_id_11755815_fk_vendors_vendor_id; Type: FK CONSTRAINT; Schema: public; Owner: marketplace_user
--

ALTER TABLE ONLY public.vendors_promotion
    ADD CONSTRAINT vendors_promotion_vendor_id_11755815_fk_vendors_vendor_id FOREIGN KEY (vendor_id) REFERENCES public.vendors_vendor(id) DEFERRABLE INITIALLY DEFERRED;


--
-- Name: vendors_subvendor vendors_subvendor_created_by_id_2b3f45b3_fk_accounts_user_id; Type: FK CONSTRAINT; Schema: public; Owner: marketplace_user
--

ALTER TABLE ONLY public.vendors_subvendor
    ADD CONSTRAINT vendors_subvendor_created_by_id_2b3f45b3_fk_accounts_user_id FOREIGN KEY (created_by_id) REFERENCES public.accounts_user(id) DEFERRABLE INITIALLY DEFERRED;


--
-- Name: vendors_subvendor vendors_subvendor_main_vendor_id_548eddeb_fk_vendors_vendor_id; Type: FK CONSTRAINT; Schema: public; Owner: marketplace_user
--

ALTER TABLE ONLY public.vendors_subvendor
    ADD CONSTRAINT vendors_subvendor_main_vendor_id_548eddeb_fk_vendors_vendor_id FOREIGN KEY (main_vendor_id) REFERENCES public.vendors_vendor(id) DEFERRABLE INITIALLY DEFERRED;


--
-- Name: vendors_subvendor vendors_subvendor_user_id_979abad0_fk_accounts_user_id; Type: FK CONSTRAINT; Schema: public; Owner: marketplace_user
--

ALTER TABLE ONLY public.vendors_subvendor
    ADD CONSTRAINT vendors_subvendor_user_id_979abad0_fk_accounts_user_id FOREIGN KEY (user_id) REFERENCES public.accounts_user(id) DEFERRABLE INITIALLY DEFERRED;


--
-- Name: vendors_subvendoractivitylog vendors_subvendoract_sub_vendor_id_2b2879d2_fk_vendors_s; Type: FK CONSTRAINT; Schema: public; Owner: marketplace_user
--

ALTER TABLE ONLY public.vendors_subvendoractivitylog
    ADD CONSTRAINT vendors_subvendoract_sub_vendor_id_2b2879d2_fk_vendors_s FOREIGN KEY (sub_vendor_id) REFERENCES public.vendors_subvendor(id) DEFERRABLE INITIALLY DEFERRED;


--
-- Name: vendors_vendor vendors_vendor_user_id_14564ee2_fk_accounts_user_id; Type: FK CONSTRAINT; Schema: public; Owner: marketplace_user
--

ALTER TABLE ONLY public.vendors_vendor
    ADD CONSTRAINT vendors_vendor_user_id_14564ee2_fk_accounts_user_id FOREIGN KEY (user_id) REFERENCES public.accounts_user(id) DEFERRABLE INITIALLY DEFERRED;


--
-- Name: vendors_vendornotification vendors_vendornotifi_vendor_id_de3ccdb1_fk_vendors_v; Type: FK CONSTRAINT; Schema: public; Owner: marketplace_user
--

ALTER TABLE ONLY public.vendors_vendornotification
    ADD CONSTRAINT vendors_vendornotifi_vendor_id_de3ccdb1_fk_vendors_v FOREIGN KEY (vendor_id) REFERENCES public.vendors_vendor(id) DEFERRABLE INITIALLY DEFERRED;


--
-- Name: vendors_vendorrating vendors_vendorrating_user_id_339bf23e_fk_accounts_user_id; Type: FK CONSTRAINT; Schema: public; Owner: marketplace_user
--

ALTER TABLE ONLY public.vendors_vendorrating
    ADD CONSTRAINT vendors_vendorrating_user_id_339bf23e_fk_accounts_user_id FOREIGN KEY (user_id) REFERENCES public.accounts_user(id) DEFERRABLE INITIALLY DEFERRED;


--
-- Name: vendors_vendorrating vendors_vendorrating_vendor_id_d4b0f8ac_fk_vendors_vendor_id; Type: FK CONSTRAINT; Schema: public; Owner: marketplace_user
--

ALTER TABLE ONLY public.vendors_vendorrating
    ADD CONSTRAINT vendors_vendorrating_vendor_id_d4b0f8ac_fk_vendors_vendor_id FOREIGN KEY (vendor_id) REFERENCES public.vendors_vendor(id) DEFERRABLE INITIALLY DEFERRED;


--
-- Name: wallets_transaction wallets_transaction_wallet_id_f5bd9420_fk_wallets_wallet_id; Type: FK CONSTRAINT; Schema: public; Owner: marketplace_user
--

ALTER TABLE ONLY public.wallets_transaction
    ADD CONSTRAINT wallets_transaction_wallet_id_f5bd9420_fk_wallets_wallet_id FOREIGN KEY (wallet_id) REFERENCES public.wallets_wallet(id) DEFERRABLE INITIALLY DEFERRED;


--
-- Name: wallets_wallet wallets_wallet_user_id_6cb307a0_fk_accounts_user_id; Type: FK CONSTRAINT; Schema: public; Owner: marketplace_user
--

ALTER TABLE ONLY public.wallets_wallet
    ADD CONSTRAINT wallets_wallet_user_id_6cb307a0_fk_accounts_user_id FOREIGN KEY (user_id) REFERENCES public.accounts_user(id) DEFERRABLE INITIALLY DEFERRED;


--
-- PostgreSQL database dump complete
--

